barcode,neg,ag,MFI
JS086,FALSE,Tetanus_toxoid,748
JS086,FALSE,AMA1,3090
JS086,FALSE,MSP119,5088
JS086,FALSE,GLURP,3312
JS086,FALSE,Gexp18,4013
JS086,FALSE,Rh5,3252
JS086,FALSE,SBP1,3050
JS086,FALSE,ETRAMP5,2247.5
JS086,FALSE,EBA175,1324
JS086,FALSE,HSP40,2685.5
JS086,FALSE,ETRAMP4,2409
JS086,FALSE,Rh4,3320.5
JS086,FALSE,Rh2,18604
JS086,FALSE,Hyp2,4675
JS086,FALSE,MSP2_CH150,5526
JS086,FALSE,PfSEA,1712
JS086,FALSE,EBA140,5080
JS086,FALSE,CSP,653
JS086,FALSE,MSP2_Dd2,4969
JS086,FALSE,gSG6,3646
JS085,FALSE,Tetanus_toxoid,3758
JS085,FALSE,AMA1,544
JS085,FALSE,MSP119,5454.5
JS085,FALSE,GLURP,712
JS085,FALSE,Gexp18,598
JS085,FALSE,Rh5,843.5
JS085,FALSE,SBP1,319
JS085,FALSE,ETRAMP5,266
JS085,FALSE,EBA175,154
JS085,FALSE,HSP40,405
JS085,FALSE,ETRAMP4,299
JS085,FALSE,Rh4,956
JS085,FALSE,Rh2,391
JS085,FALSE,Hyp2,407
JS085,FALSE,MSP2_CH150,552
JS085,FALSE,PfSEA,296
JS085,FALSE,EBA140,1024
JS085,FALSE,CSP,219
JS085,FALSE,MSP2_Dd2,671
JS085,FALSE,gSG6,434
JS033,FALSE,Tetanus_toxoid,613
JS033,FALSE,AMA1,1247.5
JS033,FALSE,MSP119,8758
JS033,FALSE,GLURP,4700
JS033,FALSE,Gexp18,860
JS033,FALSE,Rh5,1355
JS033,FALSE,SBP1,704.5
JS033,FALSE,ETRAMP5,662
JS033,FALSE,EBA175,611.5
JS033,FALSE,HSP40,734
JS033,FALSE,ETRAMP4,1011
JS033,FALSE,Rh4,1881
JS033,FALSE,Rh2,1192.5
JS033,FALSE,Hyp2,669.5
JS033,FALSE,MSP2_CH150,1292
JS033,FALSE,PfSEA,511
JS033,FALSE,EBA140,2156.5
JS033,FALSE,CSP,366.5
JS033,FALSE,MSP2_Dd2,1119
JS033,FALSE,gSG6,1147
JS031,FALSE,Tetanus_toxoid,20013.5
JS031,FALSE,AMA1,548.5
JS031,FALSE,MSP119,6151
JS031,FALSE,GLURP,535
JS031,FALSE,Gexp18,1547
JS031,FALSE,Rh5,1034
JS031,FALSE,SBP1,808.5
JS031,FALSE,ETRAMP5,962
JS031,FALSE,EBA175,542
JS031,FALSE,HSP40,1649
JS031,FALSE,ETRAMP4,1074.5
JS031,FALSE,Rh4,1672
JS031,FALSE,Rh2,2059
JS031,FALSE,Hyp2,1227.5
JS031,FALSE,MSP2_CH150,987
JS031,FALSE,PfSEA,1252
JS031,FALSE,EBA140,792.5
JS031,FALSE,CSP,472
JS031,FALSE,MSP2_Dd2,979
JS031,FALSE,gSG6,613
JS029,FALSE,Tetanus_toxoid,444
JS029,FALSE,AMA1,4086
JS029,FALSE,MSP119,10265
JS029,FALSE,GLURP,1775
JS029,FALSE,Gexp18,1515
JS029,FALSE,Rh5,555
JS029,FALSE,SBP1,1111
JS029,FALSE,ETRAMP5,703
JS029,FALSE,EBA175,387
JS029,FALSE,HSP40,1101.5
JS029,FALSE,ETRAMP4,750
JS029,FALSE,Rh4,2316
JS029,FALSE,Rh2,970.5
JS029,FALSE,Hyp2,1008
JS029,FALSE,MSP2_CH150,819
JS029,FALSE,PfSEA,955
JS029,FALSE,EBA140,1245
JS029,FALSE,CSP,577
JS029,FALSE,MSP2_Dd2,879.5
JS029,FALSE,gSG6,421.5
JS032,FALSE,Tetanus_toxoid,30684
JS032,FALSE,AMA1,1237
JS032,FALSE,MSP119,5881
JS032,FALSE,GLURP,727
JS032,FALSE,Gexp18,4728
JS032,FALSE,Rh5,1725
JS032,FALSE,SBP1,1549
JS032,FALSE,ETRAMP5,4322
JS032,FALSE,EBA175,445
JS032,FALSE,HSP40,1140
JS032,FALSE,ETRAMP4,1012
JS032,FALSE,Rh4,1078
JS032,FALSE,Rh2,1189
JS032,FALSE,Hyp2,1502
JS032,FALSE,MSP2_CH150,1441
JS032,FALSE,PfSEA,1670
JS032,FALSE,EBA140,1272
JS032,FALSE,CSP,648
JS032,FALSE,MSP2_Dd2,1307
JS032,FALSE,gSG6,977.5
JS048,FALSE,Tetanus_toxoid,2066
JS048,FALSE,AMA1,3305.5
JS048,FALSE,MSP119,1156
JS048,FALSE,GLURP,19610
JS048,FALSE,Gexp18,2523
JS048,FALSE,Rh5,2607
JS048,FALSE,SBP1,2657
JS048,FALSE,ETRAMP5,553
JS048,FALSE,EBA175,843.5
JS048,FALSE,HSP40,1338.5
JS048,FALSE,ETRAMP4,998
JS048,FALSE,Rh4,2025
JS048,FALSE,Rh2,907.5
JS048,FALSE,Hyp2,1309
JS048,FALSE,MSP2_CH150,1119
JS048,FALSE,PfSEA,2578.5
JS048,FALSE,EBA140,1146
JS048,FALSE,CSP,392
JS048,FALSE,MSP2_Dd2,922
JS048,FALSE,gSG6,1835
JS087,FALSE,Tetanus_toxoid,9465
JS087,FALSE,AMA1,1080
JS087,FALSE,MSP119,7101
JS087,FALSE,GLURP,681
JS087,FALSE,Gexp18,852
JS087,FALSE,Rh5,2068
JS087,FALSE,SBP1,1220
JS087,FALSE,ETRAMP5,399
JS087,FALSE,EBA175,200
JS087,FALSE,HSP40,466
JS087,FALSE,ETRAMP4,680
JS087,FALSE,Rh4,8040
JS087,FALSE,Rh2,477
JS087,FALSE,Hyp2,640
JS087,FALSE,MSP2_CH150,641
JS087,FALSE,PfSEA,2002.5
JS087,FALSE,EBA140,1233.5
JS087,FALSE,CSP,331
JS087,FALSE,MSP2_Dd2,598
JS087,FALSE,gSG6,481
JS030,FALSE,Tetanus_toxoid,174.5
JS030,FALSE,AMA1,16274
JS030,FALSE,MSP119,37498
JS030,FALSE,GLURP,13251.5
JS030,FALSE,Gexp18,1208
JS030,FALSE,Rh5,1459.5
JS030,FALSE,SBP1,691
JS030,FALSE,ETRAMP5,3391
JS030,FALSE,EBA175,4700
JS030,FALSE,HSP40,3876.5
JS030,FALSE,ETRAMP4,676.5
JS030,FALSE,Rh4,846
JS030,FALSE,Rh2,738
JS030,FALSE,Hyp2,1831.5
JS030,FALSE,MSP2_CH150,764.5
JS030,FALSE,PfSEA,5527
JS030,FALSE,EBA140,5494.5
JS030,FALSE,CSP,287
JS030,FALSE,MSP2_Dd2,880
JS030,FALSE,gSG6,540
JS034,FALSE,Tetanus_toxoid,278
JS034,FALSE,AMA1,7580
JS034,FALSE,MSP119,34432
JS034,FALSE,GLURP,2818
JS034,FALSE,Gexp18,1624
JS034,FALSE,Rh5,2528
JS034,FALSE,SBP1,2112
JS034,FALSE,ETRAMP5,3638
JS034,FALSE,EBA175,558.5
JS034,FALSE,HSP40,11128
JS034,FALSE,ETRAMP4,1067
JS034,FALSE,Rh4,6730.5
JS034,FALSE,Rh2,2227
JS034,FALSE,Hyp2,833
JS034,FALSE,MSP2_CH150,1223.5
JS034,FALSE,PfSEA,365
JS034,FALSE,EBA140,1323
JS034,FALSE,CSP,496.5
JS034,FALSE,MSP2_Dd2,2118
JS034,FALSE,gSG6,540
JS038,FALSE,Tetanus_toxoid,529.5
JS038,FALSE,AMA1,5862
JS038,FALSE,MSP119,10859
JS038,FALSE,GLURP,2116
JS038,FALSE,Gexp18,1294
JS038,FALSE,Rh5,813.5
JS038,FALSE,SBP1,644.5
JS038,FALSE,ETRAMP5,12349.5
JS038,FALSE,EBA175,333.5
JS038,FALSE,HSP40,729
JS038,FALSE,ETRAMP4,497
JS038,FALSE,Rh4,13390
JS038,FALSE,Rh2,869
JS038,FALSE,Hyp2,781
JS038,FALSE,MSP2_CH150,813
JS038,FALSE,PfSEA,4210
JS038,FALSE,EBA140,5364.5
JS038,FALSE,CSP,281
JS038,FALSE,MSP2_Dd2,675.5
JS038,FALSE,gSG6,492
JS036,FALSE,Tetanus_toxoid,436
JS036,FALSE,AMA1,24721.5
JS036,FALSE,MSP119,14275.5
JS036,FALSE,GLURP,5812
JS036,FALSE,Gexp18,745
JS036,FALSE,Rh5,505
JS036,FALSE,SBP1,498.5
JS036,FALSE,ETRAMP5,1163
JS036,FALSE,EBA175,211
JS036,FALSE,HSP40,669
JS036,FALSE,ETRAMP4,598.5
JS036,FALSE,Rh4,2355
JS036,FALSE,Rh2,705.5
JS036,FALSE,Hyp2,464
JS036,FALSE,MSP2_CH150,639
JS036,FALSE,PfSEA,916
JS036,FALSE,EBA140,703.5
JS036,FALSE,CSP,300
JS036,FALSE,MSP2_Dd2,604
JS036,FALSE,gSG6,410
JS061,FALSE,Tetanus_toxoid,125
JS061,FALSE,AMA1,16331
JS061,FALSE,MSP119,34298
JS061,FALSE,GLURP,39256
JS061,FALSE,Gexp18,800
JS061,FALSE,Rh5,699
JS061,FALSE,SBP1,618
JS061,FALSE,ETRAMP5,1519.5
JS061,FALSE,EBA175,422.5
JS061,FALSE,HSP40,1207
JS061,FALSE,ETRAMP4,501
JS061,FALSE,Rh4,1284.5
JS061,FALSE,Rh2,586.5
JS061,FALSE,Hyp2,602.5
JS061,FALSE,MSP2_CH150,633
JS061,FALSE,PfSEA,1488
JS061,FALSE,EBA140,1076
JS061,FALSE,CSP,5237.5
JS061,FALSE,MSP2_Dd2,637
JS061,FALSE,gSG6,468
JS053,FALSE,Tetanus_toxoid,425
JS053,FALSE,AMA1,2582
JS053,FALSE,MSP119,9848
JS053,FALSE,GLURP,861
JS053,FALSE,Gexp18,1248.5
JS053,FALSE,Rh5,650
JS053,FALSE,SBP1,615.5
JS053,FALSE,ETRAMP5,789
JS053,FALSE,EBA175,1274
JS053,FALSE,HSP40,564.5
JS053,FALSE,ETRAMP4,463
JS053,FALSE,Rh4,1173
JS053,FALSE,Rh2,595
JS053,FALSE,Hyp2,1868
JS053,FALSE,MSP2_CH150,816.5
JS053,FALSE,PfSEA,489.5
JS053,FALSE,EBA140,1377
JS053,FALSE,CSP,311
JS053,FALSE,MSP2_Dd2,776
JS053,FALSE,gSG6,593.5
JS049,FALSE,Tetanus_toxoid,164.5
JS049,FALSE,AMA1,2830
JS049,FALSE,MSP119,31158
JS049,FALSE,GLURP,2411
JS049,FALSE,Gexp18,898
JS049,FALSE,Rh5,1026.5
JS049,FALSE,SBP1,1244
JS049,FALSE,ETRAMP5,819
JS049,FALSE,EBA175,418
JS049,FALSE,HSP40,831.5
JS049,FALSE,ETRAMP4,839
JS049,FALSE,Rh4,998.5
JS049,FALSE,Rh2,888
JS049,FALSE,Hyp2,882
JS049,FALSE,MSP2_CH150,1353
JS049,FALSE,PfSEA,432.5
JS049,FALSE,EBA140,1819
JS049,FALSE,CSP,317
JS049,FALSE,MSP2_Dd2,1252
JS049,FALSE,gSG6,1068
JS050,FALSE,Tetanus_toxoid,761
JS050,FALSE,AMA1,3181.5
JS050,FALSE,MSP119,21154.5
JS050,FALSE,GLURP,2490.5
JS050,FALSE,Gexp18,1782.5
JS050,FALSE,Rh5,1798.5
JS050,FALSE,SBP1,2530.5
JS050,FALSE,ETRAMP5,1451
JS050,FALSE,EBA175,620
JS050,FALSE,HSP40,2230
JS050,FALSE,ETRAMP4,1602
JS050,FALSE,Rh4,10902
JS050,FALSE,Rh2,1713.5
JS050,FALSE,Hyp2,1394
JS050,FALSE,MSP2_CH150,1567
JS050,FALSE,PfSEA,558
JS050,FALSE,EBA140,2189
JS050,FALSE,CSP,313.5
JS050,FALSE,MSP2_Dd2,1395
JS050,FALSE,gSG6,1052.5
JS070,FALSE,Tetanus_toxoid,443
JS070,FALSE,AMA1,15274
JS070,FALSE,MSP119,21239
JS070,FALSE,GLURP,12600
JS070,FALSE,Gexp18,2348
JS070,FALSE,Rh5,5127
JS070,FALSE,SBP1,3500
JS070,FALSE,ETRAMP5,26388.5
JS070,FALSE,EBA175,468
JS070,FALSE,HSP40,2650
JS070,FALSE,ETRAMP4,1595
JS070,FALSE,Rh4,2362
JS070,FALSE,Rh2,1556.5
JS070,FALSE,Hyp2,1500
JS070,FALSE,MSP2_CH150,1631.5
JS070,FALSE,PfSEA,2293.5
JS070,FALSE,EBA140,13092.5
JS070,FALSE,CSP,581
JS070,FALSE,MSP2_Dd2,2098
JS070,FALSE,gSG6,983
JS065,FALSE,Tetanus_toxoid,269.5
JS065,FALSE,AMA1,216
JS065,FALSE,MSP119,10311
JS065,FALSE,GLURP,5073
JS065,FALSE,Gexp18,360
JS065,FALSE,Rh5,1241
JS065,FALSE,SBP1,645
JS065,FALSE,ETRAMP5,249.5
JS065,FALSE,EBA175,517
JS065,FALSE,HSP40,247
JS065,FALSE,ETRAMP4,257
JS065,FALSE,Rh4,435
JS065,FALSE,Rh2,315
JS065,FALSE,Hyp2,317.5
JS065,FALSE,MSP2_CH150,352
JS065,FALSE,PfSEA,613
JS065,FALSE,EBA140,6744.5
JS065,FALSE,CSP,229
JS065,FALSE,MSP2_Dd2,340
JS065,FALSE,gSG6,277
JS063,FALSE,Tetanus_toxoid,1264
JS063,FALSE,AMA1,2215
JS063,FALSE,MSP119,27843
JS063,FALSE,GLURP,1790
JS063,FALSE,Gexp18,898
JS063,FALSE,Rh5,848.5
JS063,FALSE,SBP1,1097
JS063,FALSE,ETRAMP5,763
JS063,FALSE,EBA175,1891.5
JS063,FALSE,HSP40,753
JS063,FALSE,ETRAMP4,644.5
JS063,FALSE,Rh4,4432.5
JS063,FALSE,Rh2,799
JS063,FALSE,Hyp2,666
JS063,FALSE,MSP2_CH150,831
JS063,FALSE,PfSEA,1271
JS063,FALSE,EBA140,2847
JS063,FALSE,CSP,378
JS063,FALSE,MSP2_Dd2,700
JS063,FALSE,gSG6,570
JS064,FALSE,Tetanus_toxoid,168.5
JS064,FALSE,AMA1,1542
JS064,FALSE,MSP119,18108.5
JS064,FALSE,GLURP,5118
JS064,FALSE,Gexp18,1475
JS064,FALSE,Rh5,615.5
JS064,FALSE,SBP1,1835
JS064,FALSE,ETRAMP5,591
JS064,FALSE,EBA175,2684
JS064,FALSE,HSP40,569.5
JS064,FALSE,ETRAMP4,4197
JS064,FALSE,Rh4,521
JS064,FALSE,Rh2,594
JS064,FALSE,Hyp2,758
JS064,FALSE,MSP2_CH150,1004
JS064,FALSE,PfSEA,484
JS064,FALSE,EBA140,804
JS064,FALSE,CSP,217
JS064,FALSE,MSP2_Dd2,1069
JS064,FALSE,gSG6,640
JS044,FALSE,Tetanus_toxoid,736
JS044,FALSE,AMA1,21432
JS044,FALSE,MSP119,41382
JS044,FALSE,GLURP,46048
JS044,FALSE,Gexp18,30310
JS044,FALSE,Rh5,5174
JS044,FALSE,SBP1,9639.5
JS044,FALSE,ETRAMP5,34404.5
JS044,FALSE,EBA175,17809.5
JS044,FALSE,HSP40,29697
JS044,FALSE,ETRAMP4,32110
JS044,FALSE,Rh4,44794
JS044,FALSE,Rh2,22278
JS044,FALSE,Hyp2,24114
JS044,FALSE,MSP2_CH150,7991
JS044,FALSE,PfSEA,19716.5
JS044,FALSE,EBA140,30694
JS044,FALSE,CSP,6067
JS044,FALSE,MSP2_Dd2,18217
JS044,FALSE,gSG6,862
JS045,FALSE,Tetanus_toxoid,195
JS045,FALSE,AMA1,20674
JS045,FALSE,MSP119,31780.5
JS045,FALSE,GLURP,3421
JS045,FALSE,Gexp18,8996
JS045,FALSE,Rh5,1177.5
JS045,FALSE,SBP1,2042
JS045,FALSE,ETRAMP5,14258.5
JS045,FALSE,EBA175,867.5
JS045,FALSE,HSP40,10688
JS045,FALSE,ETRAMP4,1076.5
JS045,FALSE,Rh4,961.5
JS045,FALSE,Rh2,8360
JS045,FALSE,Hyp2,1154
JS045,FALSE,MSP2_CH150,693
JS045,FALSE,PfSEA,2350
JS045,FALSE,EBA140,3581
JS045,FALSE,CSP,580
JS045,FALSE,MSP2_Dd2,663
JS045,FALSE,gSG6,401.5
JS046,FALSE,Tetanus_toxoid,922.5
JS046,FALSE,AMA1,1684
JS046,FALSE,MSP119,20049
JS046,FALSE,GLURP,1038
JS046,FALSE,Gexp18,1889
JS046,FALSE,Rh5,925
JS046,FALSE,SBP1,1614
JS046,FALSE,ETRAMP5,1688
JS046,FALSE,EBA175,456
JS046,FALSE,HSP40,3817
JS046,FALSE,ETRAMP4,675
JS046,FALSE,Rh4,3233
JS046,FALSE,Rh2,788
JS046,FALSE,Hyp2,1170.5
JS046,FALSE,MSP2_CH150,1207.5
JS046,FALSE,PfSEA,401
JS046,FALSE,EBA140,3651
JS046,FALSE,CSP,368
JS046,FALSE,MSP2_Dd2,1040
JS046,FALSE,gSG6,879
JS047,FALSE,Tetanus_toxoid,19792
JS047,FALSE,AMA1,9737
JS047,FALSE,MSP119,27728
JS047,FALSE,GLURP,5769
JS047,FALSE,Gexp18,1025
JS047,FALSE,Rh5,1606
JS047,FALSE,SBP1,4905
JS047,FALSE,ETRAMP5,2635
JS047,FALSE,EBA175,738
JS047,FALSE,HSP40,478
JS047,FALSE,ETRAMP4,3310.5
JS047,FALSE,Rh4,6400
JS047,FALSE,Rh2,593.5
JS047,FALSE,Hyp2,1015
JS047,FALSE,MSP2_CH150,1031
JS047,FALSE,PfSEA,1124
JS047,FALSE,EBA140,5538
JS047,FALSE,CSP,680
JS047,FALSE,MSP2_Dd2,516
JS047,FALSE,gSG6,364.5
JS077,FALSE,Tetanus_toxoid,2564.5
JS077,FALSE,AMA1,1256
JS077,FALSE,MSP119,15491
JS077,FALSE,GLURP,5528
JS077,FALSE,Gexp18,436
JS077,FALSE,Rh5,592
JS077,FALSE,SBP1,407
JS077,FALSE,ETRAMP5,1536
JS077,FALSE,EBA175,140
JS077,FALSE,HSP40,4474
JS077,FALSE,ETRAMP4,203
JS077,FALSE,Rh4,3362.5
JS077,FALSE,Rh2,356
JS077,FALSE,Hyp2,312
JS077,FALSE,MSP2_CH150,314
JS077,FALSE,PfSEA,7072.5
JS077,FALSE,EBA140,2940
JS077,FALSE,CSP,304
JS077,FALSE,MSP2_Dd2,409
JS077,FALSE,gSG6,241
JS083,FALSE,Tetanus_toxoid,869
JS083,FALSE,AMA1,3145
JS083,FALSE,MSP119,5011
JS083,FALSE,GLURP,3488
JS083,FALSE,Gexp18,3807
JS083,FALSE,Rh5,3313
JS083,FALSE,SBP1,3012
JS083,FALSE,ETRAMP5,2118
JS083,FALSE,EBA175,1303
JS083,FALSE,HSP40,2468
JS083,FALSE,ETRAMP4,2532.5
JS083,FALSE,Rh4,3285
JS083,FALSE,Rh2,18532
JS083,FALSE,Hyp2,4534.5
JS083,FALSE,MSP2_CH150,5353
JS083,FALSE,PfSEA,1232
JS083,FALSE,EBA140,4870
JS083,FALSE,CSP,654
JS083,FALSE,MSP2_Dd2,4860
JS083,FALSE,gSG6,3942
JS084,FALSE,Tetanus_toxoid,3408
JS084,FALSE,AMA1,3602.5
JS084,FALSE,MSP119,20728
JS084,FALSE,GLURP,12023.5
JS084,FALSE,Gexp18,1041
JS084,FALSE,Rh5,726
JS084,FALSE,SBP1,1057
JS084,FALSE,ETRAMP5,7140
JS084,FALSE,EBA175,253.5
JS084,FALSE,HSP40,18587
JS084,FALSE,ETRAMP4,536
JS084,FALSE,Rh4,5160
JS084,FALSE,Rh2,1160
JS084,FALSE,Hyp2,920.5
JS084,FALSE,MSP2_CH150,707
JS084,FALSE,PfSEA,5129
JS084,FALSE,EBA140,8025.5
JS084,FALSE,CSP,447
JS084,FALSE,MSP2_Dd2,1258.5
JS084,FALSE,gSG6,455.5
JS082,FALSE,Tetanus_toxoid,423
JS082,FALSE,AMA1,1534
JS082,FALSE,MSP119,4380
JS082,FALSE,GLURP,1719
JS082,FALSE,Gexp18,1292
JS082,FALSE,Rh5,1400
JS082,FALSE,SBP1,1240.5
JS082,FALSE,ETRAMP5,1134
JS082,FALSE,EBA175,568
JS082,FALSE,HSP40,1235
JS082,FALSE,ETRAMP4,1353.5
JS082,FALSE,Rh4,1222.5
JS082,FALSE,Rh2,1287
JS082,FALSE,Hyp2,1242
JS082,FALSE,MSP2_CH150,2253
JS082,FALSE,PfSEA,888
JS082,FALSE,EBA140,5826.5
JS082,FALSE,CSP,239.5
JS082,FALSE,MSP2_Dd2,1957
JS082,FALSE,gSG6,1749
JS088,FALSE,Tetanus_toxoid,2698
JS088,FALSE,AMA1,2836
JS088,FALSE,MSP119,18396
JS088,FALSE,GLURP,9720
JS088,FALSE,Gexp18,908
JS088,FALSE,Rh5,590.5
JS088,FALSE,SBP1,859.5
JS088,FALSE,ETRAMP5,5544
JS088,FALSE,EBA175,201
JS088,FALSE,HSP40,16176
JS088,FALSE,ETRAMP4,447
JS088,FALSE,Rh4,4178
JS088,FALSE,Rh2,972.5
JS088,FALSE,Hyp2,778.5
JS088,FALSE,MSP2_CH150,611
JS088,FALSE,PfSEA,4951
JS088,FALSE,EBA140,6559.5
JS088,FALSE,CSP,419.5
JS088,FALSE,MSP2_Dd2,1046
JS088,FALSE,gSG6,418
JS076,FALSE,Tetanus_toxoid,2353.5
JS076,FALSE,AMA1,436
JS076,FALSE,MSP119,4572
JS076,FALSE,GLURP,39917.5
JS076,FALSE,Gexp18,1035
JS076,FALSE,Rh5,608.5
JS076,FALSE,SBP1,844
JS076,FALSE,ETRAMP5,742
JS076,FALSE,EBA175,381.5
JS076,FALSE,HSP40,446
JS076,FALSE,ETRAMP4,517.5
JS076,FALSE,Rh4,1610
JS076,FALSE,Rh2,671.5
JS076,FALSE,Hyp2,755
JS076,FALSE,MSP2_CH150,838.5
JS076,FALSE,PfSEA,659
JS076,FALSE,EBA140,3036
JS076,FALSE,CSP,1042
JS076,FALSE,MSP2_Dd2,796
JS076,FALSE,gSG6,605
JS078,FALSE,Tetanus_toxoid,1048.5
JS078,FALSE,AMA1,455
JS078,FALSE,MSP119,4144.5
JS078,FALSE,GLURP,42102.5
JS078,FALSE,Gexp18,991.5
JS078,FALSE,Rh5,663
JS078,FALSE,SBP1,727
JS078,FALSE,ETRAMP5,717.5
JS078,FALSE,EBA175,395
JS078,FALSE,HSP40,459
JS078,FALSE,ETRAMP4,609
JS078,FALSE,Rh4,2025
JS078,FALSE,Rh2,795
JS078,FALSE,Hyp2,746
JS078,FALSE,MSP2_CH150,787
JS078,FALSE,PfSEA,553
JS078,FALSE,EBA140,4831
JS078,FALSE,CSP,930
JS078,FALSE,MSP2_Dd2,796
JS078,FALSE,gSG6,597.5
JS081,FALSE,Tetanus_toxoid,1916
JS081,FALSE,AMA1,1126
JS081,FALSE,MSP119,11201.5
JS081,FALSE,GLURP,4053.5
JS081,FALSE,Gexp18,1424
JS081,FALSE,Rh5,1531
JS081,FALSE,SBP1,1492.5
JS081,FALSE,ETRAMP5,2695.5
JS081,FALSE,EBA175,15495
JS081,FALSE,HSP40,528
JS081,FALSE,ETRAMP4,25218
JS081,FALSE,Rh4,2641.5
JS081,FALSE,Rh2,1293
JS081,FALSE,Hyp2,676
JS081,FALSE,MSP2_CH150,815
JS081,FALSE,PfSEA,2826
JS081,FALSE,EBA140,2907
JS081,FALSE,CSP,1188
JS081,FALSE,MSP2_Dd2,1718
JS081,FALSE,gSG6,631.5
JS035,FALSE,Tetanus_toxoid,12781
JS035,FALSE,AMA1,16214
JS035,FALSE,MSP119,34503
JS035,FALSE,GLURP,35655
JS035,FALSE,Gexp18,7028.5
JS035,FALSE,Rh5,5178
JS035,FALSE,SBP1,4466.5
JS035,FALSE,ETRAMP5,25394.5
JS035,FALSE,EBA175,3694
JS035,FALSE,HSP40,17578
JS035,FALSE,ETRAMP4,5351
JS035,FALSE,Rh4,2105
JS035,FALSE,Rh2,4342.5
JS035,FALSE,Hyp2,1759
JS035,FALSE,MSP2_CH150,468
JS035,FALSE,PfSEA,1523
JS035,FALSE,EBA140,7078
JS035,FALSE,CSP,284
JS035,FALSE,MSP2_Dd2,3849
JS035,FALSE,gSG6,248
JS037,FALSE,Tetanus_toxoid,399
JS037,FALSE,AMA1,7292
JS037,FALSE,MSP119,36294
JS037,FALSE,GLURP,22630
JS037,FALSE,Gexp18,5064
JS037,FALSE,Rh5,807
JS037,FALSE,SBP1,4164
JS037,FALSE,ETRAMP5,10903
JS037,FALSE,EBA175,6903
JS037,FALSE,HSP40,3722
JS037,FALSE,ETRAMP4,873
JS037,FALSE,Rh4,13075.5
JS037,FALSE,Rh2,2068
JS037,FALSE,Hyp2,1480
JS037,FALSE,MSP2_CH150,1494
JS037,FALSE,PfSEA,10928
JS037,FALSE,EBA140,2814
JS037,FALSE,CSP,600
JS037,FALSE,MSP2_Dd2,2808
JS037,FALSE,gSG6,506
JS042,FALSE,Tetanus_toxoid,7097
JS042,FALSE,AMA1,3490.5
JS042,FALSE,MSP119,2421
JS042,FALSE,GLURP,1559.5
JS042,FALSE,Gexp18,855
JS042,FALSE,Rh5,943
JS042,FALSE,SBP1,791
JS042,FALSE,ETRAMP5,967
JS042,FALSE,EBA175,202
JS042,FALSE,HSP40,906
JS042,FALSE,ETRAMP4,1537
JS042,FALSE,Rh4,928
JS042,FALSE,Rh2,875
JS042,FALSE,Hyp2,580
JS042,FALSE,MSP2_CH150,613
JS042,FALSE,PfSEA,305.5
JS042,FALSE,EBA140,1298
JS042,FALSE,CSP,303
JS042,FALSE,MSP2_Dd2,625.5
JS042,FALSE,gSG6,460
JS043,FALSE,Tetanus_toxoid,148.5
JS043,FALSE,AMA1,445
JS043,FALSE,MSP119,12412
JS043,FALSE,GLURP,13091.5
JS043,FALSE,Gexp18,275
JS043,FALSE,Rh5,255
JS043,FALSE,SBP1,317
JS043,FALSE,ETRAMP5,812.5
JS043,FALSE,EBA175,417
JS043,FALSE,HSP40,168.5
JS043,FALSE,ETRAMP4,194
JS043,FALSE,Rh4,16628.5
JS043,FALSE,Rh2,197
JS043,FALSE,Hyp2,221.5
JS043,FALSE,MSP2_CH150,335
JS043,FALSE,PfSEA,2167
JS043,FALSE,EBA140,778
JS043,FALSE,CSP,266
JS043,FALSE,MSP2_Dd2,235
JS043,FALSE,gSG6,171
JS054,FALSE,Tetanus_toxoid,306
JS054,FALSE,AMA1,714
JS054,FALSE,MSP119,15430
JS054,FALSE,GLURP,2448
JS054,FALSE,Gexp18,1431
JS054,FALSE,Rh5,977
JS054,FALSE,SBP1,1441
JS054,FALSE,ETRAMP5,2867.5
JS054,FALSE,EBA175,1538
JS054,FALSE,HSP40,1847
JS054,FALSE,ETRAMP4,537
JS054,FALSE,Rh4,6354
JS054,FALSE,Rh2,3503
JS054,FALSE,Hyp2,685
JS054,FALSE,MSP2_CH150,1337.5
JS054,FALSE,PfSEA,1028
JS054,FALSE,EBA140,12870.5
JS054,FALSE,CSP,363.5
JS054,FALSE,MSP2_Dd2,1165
JS054,FALSE,gSG6,950
JS058,FALSE,Tetanus_toxoid,5047
JS058,FALSE,AMA1,24979
JS058,FALSE,MSP119,36474
JS058,FALSE,GLURP,42590
JS058,FALSE,Gexp18,1935
JS058,FALSE,Rh5,29899
JS058,FALSE,SBP1,10234
JS058,FALSE,ETRAMP5,16931
JS058,FALSE,EBA175,4583
JS058,FALSE,HSP40,2002.5
JS058,FALSE,ETRAMP4,14520.5
JS058,FALSE,Rh4,38638
JS058,FALSE,Rh2,2774
JS058,FALSE,Hyp2,2508
JS058,FALSE,MSP2_CH150,2989
JS058,FALSE,PfSEA,593
JS058,FALSE,EBA140,2678
JS058,FALSE,CSP,560
JS058,FALSE,MSP2_Dd2,6914
JS058,FALSE,gSG6,1938
JS055,FALSE,Tetanus_toxoid,209
JS055,FALSE,AMA1,4218
JS055,FALSE,MSP119,7423
JS055,FALSE,GLURP,11366
JS055,FALSE,Gexp18,772
JS055,FALSE,Rh5,2545
JS055,FALSE,SBP1,2077.5
JS055,FALSE,ETRAMP5,5214
JS055,FALSE,EBA175,244.5
JS055,FALSE,HSP40,229
JS055,FALSE,ETRAMP4,665
JS055,FALSE,Rh4,23371.5
JS055,FALSE,Rh2,274
JS055,FALSE,Hyp2,615
JS055,FALSE,MSP2_CH150,411
JS055,FALSE,PfSEA,506
JS055,FALSE,EBA140,1849
JS055,FALSE,CSP,3336
JS055,FALSE,MSP2_Dd2,395.5
JS055,FALSE,gSG6,298
JS057,FALSE,Tetanus_toxoid,860.5
JS057,FALSE,AMA1,14926
JS057,FALSE,MSP119,35038
JS057,FALSE,GLURP,14794
JS057,FALSE,Gexp18,2547.5
JS057,FALSE,Rh5,752.5
JS057,FALSE,SBP1,1511.5
JS057,FALSE,ETRAMP5,3958
JS057,FALSE,EBA175,821
JS057,FALSE,HSP40,443
JS057,FALSE,ETRAMP4,7092
JS057,FALSE,Rh4,2553
JS057,FALSE,Rh2,569
JS057,FALSE,Hyp2,993
JS057,FALSE,MSP2_CH150,923
JS057,FALSE,PfSEA,328
JS057,FALSE,EBA140,1890.5
JS057,FALSE,CSP,414
JS057,FALSE,MSP2_Dd2,1093
JS057,FALSE,gSG6,494
JS060,FALSE,Tetanus_toxoid,206.5
JS060,FALSE,AMA1,2107
JS060,FALSE,MSP119,5699
JS060,FALSE,GLURP,1246
JS060,FALSE,Gexp18,1093
JS060,FALSE,Rh5,601
JS060,FALSE,SBP1,1152
JS060,FALSE,ETRAMP5,558
JS060,FALSE,EBA175,392
JS060,FALSE,HSP40,1036
JS060,FALSE,ETRAMP4,7733
JS060,FALSE,Rh4,1060
JS060,FALSE,Rh2,835
JS060,FALSE,Hyp2,918.5
JS060,FALSE,MSP2_CH150,672.5
JS060,FALSE,PfSEA,525
JS060,FALSE,EBA140,6442
JS060,FALSE,CSP,288
JS060,FALSE,MSP2_Dd2,694
JS060,FALSE,gSG6,467
JS056,FALSE,Tetanus_toxoid,260
JS056,FALSE,AMA1,8405.5
JS056,FALSE,MSP119,9512
JS056,FALSE,GLURP,5138.5
JS056,FALSE,Gexp18,620
JS056,FALSE,Rh5,1062
JS056,FALSE,SBP1,474.5
JS056,FALSE,ETRAMP5,410
JS056,FALSE,EBA175,3308
JS056,FALSE,HSP40,1486
JS056,FALSE,ETRAMP4,482.5
JS056,FALSE,Rh4,5296
JS056,FALSE,Rh2,1690.5
JS056,FALSE,Hyp2,537
JS056,FALSE,MSP2_CH150,1068.5
JS056,FALSE,PfSEA,20743
JS056,FALSE,EBA140,776
JS056,FALSE,CSP,440.5
JS056,FALSE,MSP2_Dd2,655.5
JS056,FALSE,gSG6,512
JS051,FALSE,Tetanus_toxoid,104
JS051,FALSE,AMA1,2576
JS051,FALSE,MSP119,18018
JS051,FALSE,GLURP,4119
JS051,FALSE,Gexp18,1631
JS051,FALSE,Rh5,589
JS051,FALSE,SBP1,465
JS051,FALSE,ETRAMP5,5904
JS051,FALSE,EBA175,227
JS051,FALSE,HSP40,11021
JS051,FALSE,ETRAMP4,659
JS051,FALSE,Rh4,5504.5
JS051,FALSE,Rh2,764.5
JS051,FALSE,Hyp2,815
JS051,FALSE,MSP2_CH150,316
JS051,FALSE,PfSEA,5914
JS051,FALSE,EBA140,965
JS051,FALSE,CSP,662
JS051,FALSE,MSP2_Dd2,577
JS051,FALSE,gSG6,256
JS052,FALSE,Tetanus_toxoid,257
JS052,FALSE,AMA1,13243
JS052,FALSE,MSP119,34256
JS052,FALSE,GLURP,17181.5
JS052,FALSE,Gexp18,2078
JS052,FALSE,Rh5,1509
JS052,FALSE,SBP1,1939
JS052,FALSE,ETRAMP5,3389.5
JS052,FALSE,EBA175,306.5
JS052,FALSE,HSP40,2771
JS052,FALSE,ETRAMP4,3458
JS052,FALSE,Rh4,4549
JS052,FALSE,Rh2,612
JS052,FALSE,Hyp2,849
JS052,FALSE,MSP2_CH150,782
JS052,FALSE,PfSEA,1240
JS052,FALSE,EBA140,12022
JS052,FALSE,CSP,1180
JS052,FALSE,MSP2_Dd2,1312
JS052,FALSE,gSG6,590
JS023,FALSE,Tetanus_toxoid,662
JS023,FALSE,AMA1,20920
JS023,FALSE,MSP119,11962
JS023,FALSE,GLURP,1369.5
JS023,FALSE,Gexp18,778
JS023,FALSE,Rh5,368
JS023,FALSE,SBP1,1667
JS023,FALSE,ETRAMP5,334.5
JS023,FALSE,EBA175,2441
JS023,FALSE,HSP40,265
JS023,FALSE,ETRAMP4,1306
JS023,FALSE,Rh4,2289
JS023,FALSE,Rh2,563
JS023,FALSE,Hyp2,352
JS023,FALSE,MSP2_CH150,291
JS023,FALSE,PfSEA,301
JS023,FALSE,EBA140,8739
JS023,FALSE,CSP,335
JS023,FALSE,MSP2_Dd2,292
JS023,FALSE,gSG6,227
JS108,FALSE,Tetanus_toxoid,602
JS108,FALSE,AMA1,20794.5
JS108,FALSE,MSP119,11853
JS108,FALSE,GLURP,1227
JS108,FALSE,Gexp18,883
JS108,FALSE,Rh5,353
JS108,FALSE,SBP1,1863
JS108,FALSE,ETRAMP5,382
JS108,FALSE,EBA175,185
JS108,FALSE,HSP40,339
JS108,FALSE,ETRAMP4,993.5
JS108,FALSE,Rh4,2173
JS108,FALSE,Rh2,617
JS108,FALSE,Hyp2,409.5
JS108,FALSE,MSP2_CH150,292
JS108,FALSE,PfSEA,285
JS108,FALSE,EBA140,8652.5
JS108,FALSE,CSP,352
JS108,FALSE,MSP2_Dd2,291.5
JS108,FALSE,gSG6,218.5
JS109,FALSE,Tetanus_toxoid,256
JS109,FALSE,AMA1,572
JS109,FALSE,MSP119,6899
JS109,FALSE,GLURP,7583.5
JS109,FALSE,Gexp18,2607
JS109,FALSE,Rh5,2284.5
JS109,FALSE,SBP1,8433
JS109,FALSE,ETRAMP5,7322.5
JS109,FALSE,EBA175,1077.5
JS109,FALSE,HSP40,615
JS109,FALSE,ETRAMP4,644
JS109,FALSE,Rh4,618.5
JS109,FALSE,Rh2,672.5
JS109,FALSE,Hyp2,690.5
JS109,FALSE,MSP2_CH150,769
JS109,FALSE,PfSEA,2557
JS109,FALSE,EBA140,2822
JS109,FALSE,CSP,303
JS109,FALSE,MSP2_Dd2,759
JS109,FALSE,gSG6,556.5
JS104,FALSE,Tetanus_toxoid,209
JS104,FALSE,AMA1,11736
JS104,FALSE,MSP119,25833
JS104,FALSE,GLURP,5749
JS104,FALSE,Gexp18,5675
JS104,FALSE,Rh5,719
JS104,FALSE,SBP1,3077.5
JS104,FALSE,ETRAMP5,1038
JS104,FALSE,EBA175,326
JS104,FALSE,HSP40,13986
JS104,FALSE,ETRAMP4,731
JS104,FALSE,Rh4,1856
JS104,FALSE,Rh2,1500
JS104,FALSE,Hyp2,954.5
JS104,FALSE,MSP2_CH150,582
JS104,FALSE,PfSEA,1818.5
JS104,FALSE,EBA140,1001
JS104,FALSE,CSP,492
JS104,FALSE,MSP2_Dd2,1442.5
JS104,FALSE,gSG6,440
JS111,FALSE,Tetanus_toxoid,141
JS111,FALSE,AMA1,4022
JS111,FALSE,MSP119,14621
JS111,FALSE,GLURP,34832.5
JS111,FALSE,Gexp18,857
JS111,FALSE,Rh5,350
JS111,FALSE,SBP1,425
JS111,FALSE,ETRAMP5,1959
JS111,FALSE,EBA175,355
JS111,FALSE,HSP40,500
JS111,FALSE,ETRAMP4,5693.5
JS111,FALSE,Rh4,1363
JS111,FALSE,Rh2,1006.5
JS111,FALSE,Hyp2,493
JS111,FALSE,MSP2_CH150,421
JS111,FALSE,PfSEA,525
JS111,FALSE,EBA140,1479.5
JS111,FALSE,CSP,436
JS111,FALSE,MSP2_Dd2,420.5
JS111,FALSE,gSG6,312
JS106,FALSE,Tetanus_toxoid,361
JS106,FALSE,AMA1,12941
JS106,FALSE,MSP119,35367
JS106,FALSE,GLURP,26282.5
JS106,FALSE,Gexp18,10385
JS106,FALSE,Rh5,9559
JS106,FALSE,SBP1,773
JS106,FALSE,ETRAMP5,6620
JS106,FALSE,EBA175,9087
JS106,FALSE,HSP40,3926
JS106,FALSE,ETRAMP4,1197
JS106,FALSE,Rh4,13522.5
JS106,FALSE,Rh2,1767.5
JS106,FALSE,Hyp2,2082
JS106,FALSE,MSP2_CH150,1049.5
JS106,FALSE,PfSEA,8216.5
JS106,FALSE,EBA140,8387.5
JS106,FALSE,CSP,1328
JS106,FALSE,MSP2_Dd2,1381
JS106,FALSE,gSG6,791.5
JS107,FALSE,Tetanus_toxoid,352
JS107,FALSE,AMA1,1028
JS107,FALSE,MSP119,6304
JS107,FALSE,GLURP,468
JS107,FALSE,Gexp18,658
JS107,FALSE,Rh5,736
JS107,FALSE,SBP1,333
JS107,FALSE,ETRAMP5,351
JS107,FALSE,EBA175,379
JS107,FALSE,HSP40,338
JS107,FALSE,ETRAMP4,430
JS107,FALSE,Rh4,1052.5
JS107,FALSE,Rh2,485
JS107,FALSE,Hyp2,419.5
JS107,FALSE,MSP2_CH150,573
JS107,FALSE,PfSEA,954
JS107,FALSE,EBA140,2250
JS107,FALSE,CSP,236.5
JS107,FALSE,MSP2_Dd2,525
JS107,FALSE,gSG6,489
JS025,FALSE,Tetanus_toxoid,4654
JS025,FALSE,AMA1,2790.5
JS025,FALSE,MSP119,14210
JS025,FALSE,GLURP,42077
JS025,FALSE,Gexp18,2062.5
JS025,FALSE,Rh5,1104.5
JS025,FALSE,SBP1,2735
JS025,FALSE,ETRAMP5,2157
JS025,FALSE,EBA175,587.5
JS025,FALSE,HSP40,7086
JS025,FALSE,ETRAMP4,2087
JS025,FALSE,Rh4,9587.5
JS025,FALSE,Rh2,1768.5
JS025,FALSE,Hyp2,1345
JS025,FALSE,MSP2_CH150,1674.5
JS025,FALSE,PfSEA,2122
JS025,FALSE,EBA140,4712
JS025,FALSE,CSP,453
JS025,FALSE,MSP2_Dd2,1504.5
JS025,FALSE,gSG6,1289
JS103,FALSE,Tetanus_toxoid,1563
JS103,FALSE,AMA1,1207
JS103,FALSE,MSP119,7204.5
JS103,FALSE,GLURP,19499.5
JS103,FALSE,Gexp18,674.5
JS103,FALSE,Rh5,460
JS103,FALSE,SBP1,1283.5
JS103,FALSE,ETRAMP5,773
JS103,FALSE,EBA175,257
JS103,FALSE,HSP40,3872
JS103,FALSE,ETRAMP4,726.5
JS103,FALSE,Rh4,4275
JS103,FALSE,Rh2,729
JS103,FALSE,Hyp2,545
JS103,FALSE,MSP2_CH150,693.5
JS103,FALSE,PfSEA,436
JS103,FALSE,EBA140,2230
JS103,FALSE,CSP,248
JS103,FALSE,MSP2_Dd2,620.5
JS103,FALSE,gSG6,521
JS015,FALSE,Tetanus_toxoid,317.5
JS015,FALSE,AMA1,3510
JS015,FALSE,MSP119,2322
JS015,FALSE,GLURP,751
JS015,FALSE,Gexp18,1612
JS015,FALSE,Rh5,1599.5
JS015,FALSE,SBP1,1480
JS015,FALSE,ETRAMP5,723
JS015,FALSE,EBA175,322
JS015,FALSE,HSP40,1021.5
JS015,FALSE,ETRAMP4,856
JS015,FALSE,Rh4,905.5
JS015,FALSE,Rh2,1156
JS015,FALSE,Hyp2,1212
JS015,FALSE,MSP2_CH150,1196
JS015,FALSE,PfSEA,788
JS015,FALSE,EBA140,1741
JS015,FALSE,CSP,357
JS015,FALSE,MSP2_Dd2,1106
JS015,FALSE,gSG6,1028
JS026,FALSE,Tetanus_toxoid,286
JS026,FALSE,AMA1,5935.5
JS026,FALSE,MSP119,3556
JS026,FALSE,GLURP,741
JS026,FALSE,Gexp18,1576
JS026,FALSE,Rh5,1464
JS026,FALSE,SBP1,984.5
JS026,FALSE,ETRAMP5,694
JS026,FALSE,EBA175,290.5
JS026,FALSE,HSP40,992
JS026,FALSE,ETRAMP4,762
JS026,FALSE,Rh4,917
JS026,FALSE,Rh2,1146
JS026,FALSE,Hyp2,820
JS026,FALSE,MSP2_CH150,1067
JS026,FALSE,PfSEA,723.5
JS026,FALSE,EBA140,1577.5
JS026,FALSE,CSP,335
JS026,FALSE,MSP2_Dd2,947
JS026,FALSE,gSG6,889.5
JS024,FALSE,Tetanus_toxoid,102
JS024,FALSE,AMA1,2808
JS024,FALSE,MSP119,22438
JS024,FALSE,GLURP,15673
JS024,FALSE,Gexp18,914
JS024,FALSE,Rh5,479.5
JS024,FALSE,SBP1,1022
JS024,FALSE,ETRAMP5,1165
JS024,FALSE,EBA175,409.5
JS024,FALSE,HSP40,1742
JS024,FALSE,ETRAMP4,649
JS024,FALSE,Rh4,1843.5
JS024,FALSE,Rh2,644
JS024,FALSE,Hyp2,474
JS024,FALSE,MSP2_CH150,546
JS024,FALSE,PfSEA,806
JS024,FALSE,EBA140,1469
JS024,FALSE,CSP,344
JS024,FALSE,MSP2_Dd2,1461
JS024,FALSE,gSG6,318
JS018,FALSE,Tetanus_toxoid,200
JS018,FALSE,AMA1,179
JS018,FALSE,MSP119,2909
JS018,FALSE,GLURP,346
JS018,FALSE,Gexp18,843
JS018,FALSE,Rh5,515
JS018,FALSE,SBP1,6552.5
JS018,FALSE,ETRAMP5,350.5
JS018,FALSE,EBA175,530.5
JS018,FALSE,HSP40,635
JS018,FALSE,ETRAMP4,470
JS018,FALSE,Rh4,741
JS018,FALSE,Rh2,592
JS018,FALSE,Hyp2,604
JS018,FALSE,MSP2_CH150,404.5
JS018,FALSE,PfSEA,686
JS018,FALSE,EBA140,270
JS018,FALSE,CSP,285
JS018,FALSE,MSP2_Dd2,411
JS018,FALSE,gSG6,218
JS022,FALSE,Tetanus_toxoid,129
JS022,FALSE,AMA1,781
JS022,FALSE,MSP119,15304
JS022,FALSE,GLURP,5822
JS022,FALSE,Gexp18,1423
JS022,FALSE,Rh5,625
JS022,FALSE,SBP1,433
JS022,FALSE,ETRAMP5,2044
JS022,FALSE,EBA175,210
JS022,FALSE,HSP40,447.5
JS022,FALSE,ETRAMP4,8673
JS022,FALSE,Rh4,4690
JS022,FALSE,Rh2,1479
JS022,FALSE,Hyp2,10034
JS022,FALSE,MSP2_CH150,737
JS022,FALSE,PfSEA,2995
JS022,FALSE,EBA140,1080.5
JS022,FALSE,CSP,396.5
JS022,FALSE,MSP2_Dd2,608
JS022,FALSE,gSG6,792.5
JS066,FALSE,Tetanus_toxoid,660
JS066,FALSE,AMA1,2843.5
JS066,FALSE,MSP119,17771
JS066,FALSE,GLURP,4691
JS066,FALSE,Gexp18,4381
JS066,FALSE,Rh5,376
JS066,FALSE,SBP1,1720
JS066,FALSE,ETRAMP5,4889
JS066,FALSE,EBA175,446.5
JS066,FALSE,HSP40,2501
JS066,FALSE,ETRAMP4,493
JS066,FALSE,Rh4,406
JS066,FALSE,Rh2,4302
JS066,FALSE,Hyp2,1067
JS066,FALSE,MSP2_CH150,373
JS066,FALSE,PfSEA,1306
JS066,FALSE,EBA140,8409
JS066,FALSE,CSP,377.5
JS066,FALSE,MSP2_Dd2,333
JS066,FALSE,gSG6,265
JS067,FALSE,Tetanus_toxoid,19114
JS067,FALSE,AMA1,25593
JS067,FALSE,MSP119,20473
JS067,FALSE,GLURP,4611
JS067,FALSE,Gexp18,7459
JS067,FALSE,Rh5,1523
JS067,FALSE,SBP1,3222
JS067,FALSE,ETRAMP5,2965.5
JS067,FALSE,EBA175,1354
JS067,FALSE,HSP40,7353
JS067,FALSE,ETRAMP4,3345.5
JS067,FALSE,Rh4,14676.5
JS067,FALSE,Rh2,5536.5
JS067,FALSE,Hyp2,4168
JS067,FALSE,MSP2_CH150,2235
JS067,FALSE,PfSEA,3930
JS067,FALSE,EBA140,5257
JS067,FALSE,CSP,377.5
JS067,FALSE,MSP2_Dd2,2350
JS067,FALSE,gSG6,1430.5
JS068,FALSE,Tetanus_toxoid,431.5
JS068,FALSE,AMA1,2147
JS068,FALSE,MSP119,21883.5
JS068,FALSE,GLURP,13735.5
JS068,FALSE,Gexp18,4128
JS068,FALSE,Rh5,812
JS068,FALSE,SBP1,1990
JS068,FALSE,ETRAMP5,23524
JS068,FALSE,EBA175,5956
JS068,FALSE,HSP40,1222
JS068,FALSE,ETRAMP4,487
JS068,FALSE,Rh4,33616
JS068,FALSE,Rh2,4316
JS068,FALSE,Hyp2,1449
JS068,FALSE,MSP2_CH150,463
JS068,FALSE,PfSEA,9220
JS068,FALSE,EBA140,37624
JS068,FALSE,CSP,408
JS068,FALSE,MSP2_Dd2,893
JS068,FALSE,gSG6,328
JS069,FALSE,Tetanus_toxoid,237
JS069,FALSE,AMA1,4537
JS069,FALSE,MSP119,21034
JS069,FALSE,GLURP,36794
JS069,FALSE,Gexp18,548.5
JS069,FALSE,Rh5,439
JS069,FALSE,SBP1,669
JS069,FALSE,ETRAMP5,11915
JS069,FALSE,EBA175,208
JS069,FALSE,HSP40,1273
JS069,FALSE,ETRAMP4,862
JS069,FALSE,Rh4,961.5
JS069,FALSE,Rh2,266
JS069,FALSE,Hyp2,634
JS069,FALSE,MSP2_CH150,376
JS069,FALSE,PfSEA,1412
JS069,FALSE,EBA140,7081.5
JS069,FALSE,CSP,249.5
JS069,FALSE,MSP2_Dd2,8442
JS069,FALSE,gSG6,946
JS003,FALSE,Tetanus_toxoid,435
JS003,FALSE,AMA1,37519
JS003,FALSE,MSP119,38241
JS003,FALSE,GLURP,43992
JS003,FALSE,Gexp18,8944
JS003,FALSE,Rh5,6889
JS003,FALSE,SBP1,5282
JS003,FALSE,ETRAMP5,36437
JS003,FALSE,EBA175,5698.5
JS003,FALSE,HSP40,15960.5
JS003,FALSE,ETRAMP4,16242
JS003,FALSE,Rh4,25046
JS003,FALSE,Rh2,5221
JS003,FALSE,Hyp2,11868
JS003,FALSE,MSP2_CH150,4927
JS003,FALSE,PfSEA,20596
JS003,FALSE,EBA140,23428.5
JS003,FALSE,CSP,2188.5
JS003,FALSE,MSP2_Dd2,3659
JS003,FALSE,gSG6,1297
JS005,FALSE,Tetanus_toxoid,785
JS005,FALSE,AMA1,1386
JS005,FALSE,MSP119,2197
JS005,FALSE,GLURP,3783
JS005,FALSE,Gexp18,2813
JS005,FALSE,Rh5,2135.5
JS005,FALSE,SBP1,1170
JS005,FALSE,ETRAMP5,1889
JS005,FALSE,EBA175,568
JS005,FALSE,HSP40,1208
JS005,FALSE,ETRAMP4,1187
JS005,FALSE,Rh4,1260
JS005,FALSE,Rh2,2160
JS005,FALSE,Hyp2,1305.5
JS005,FALSE,MSP2_CH150,2323.5
JS005,FALSE,PfSEA,447
JS005,FALSE,EBA140,1915
JS005,FALSE,CSP,276
JS005,FALSE,MSP2_Dd2,2181
JS005,FALSE,gSG6,1843
JS080,FALSE,Tetanus_toxoid,7518
JS080,FALSE,AMA1,32300
JS080,FALSE,MSP119,36495.5
JS080,FALSE,GLURP,42274.5
JS080,FALSE,Gexp18,2531
JS080,FALSE,Rh5,3291
JS080,FALSE,SBP1,13749
JS080,FALSE,ETRAMP5,23304
JS080,FALSE,EBA175,5349
JS080,FALSE,HSP40,1915
JS080,FALSE,ETRAMP4,5374.5
JS080,FALSE,Rh4,4850
JS080,FALSE,Rh2,27616
JS080,FALSE,Hyp2,4902
JS080,FALSE,MSP2_CH150,3194
JS080,FALSE,PfSEA,12908
JS080,FALSE,EBA140,14748.5
JS080,FALSE,CSP,829.5
JS080,FALSE,MSP2_Dd2,4540
JS080,FALSE,gSG6,1719
JS079,FALSE,Tetanus_toxoid,288
JS079,FALSE,AMA1,2320
JS079,FALSE,MSP119,25574.5
JS079,FALSE,GLURP,15476
JS079,FALSE,Gexp18,1050
JS079,FALSE,Rh5,842
JS079,FALSE,SBP1,3793
JS079,FALSE,ETRAMP5,2766
JS079,FALSE,EBA175,1187.5
JS079,FALSE,HSP40,9426
JS079,FALSE,ETRAMP4,490.5
JS079,FALSE,Rh4,16249
JS079,FALSE,Rh2,10054.5
JS079,FALSE,Hyp2,1197
JS079,FALSE,MSP2_CH150,720
JS079,FALSE,PfSEA,7342
JS079,FALSE,EBA140,25930.5
JS079,FALSE,CSP,829
JS079,FALSE,MSP2_Dd2,531
JS079,FALSE,gSG6,353
JS027,FALSE,Tetanus_toxoid,625
JS027,FALSE,AMA1,41544
JS027,FALSE,MSP119,37414
JS027,FALSE,GLURP,39760
JS027,FALSE,Gexp18,11735
JS027,FALSE,Rh5,5390
JS027,FALSE,SBP1,23241
JS027,FALSE,ETRAMP5,29919
JS027,FALSE,EBA175,5316
JS027,FALSE,HSP40,18486
JS027,FALSE,ETRAMP4,4140
JS027,FALSE,Rh4,8569.5
JS027,FALSE,Rh2,5528
JS027,FALSE,Hyp2,3894.5
JS027,FALSE,MSP2_CH150,3396
JS027,FALSE,PfSEA,3332
JS027,FALSE,EBA140,10498
JS027,FALSE,CSP,3099.5
JS027,FALSE,MSP2_Dd2,3896
JS027,FALSE,gSG6,786.5
JS028,FALSE,Tetanus_toxoid,1225
JS028,FALSE,AMA1,2349
JS028,FALSE,MSP119,10493
JS028,FALSE,GLURP,13610
JS028,FALSE,Gexp18,5156
JS028,FALSE,Rh5,1489
JS028,FALSE,SBP1,1960
JS028,FALSE,ETRAMP5,9799
JS028,FALSE,EBA175,7408.5
JS028,FALSE,HSP40,1960
JS028,FALSE,ETRAMP4,2128
JS028,FALSE,Rh4,16862
JS028,FALSE,Rh2,6182
JS028,FALSE,Hyp2,2971
JS028,FALSE,MSP2_CH150,1250
JS028,FALSE,PfSEA,7462.5
JS028,FALSE,EBA140,33173
JS028,FALSE,CSP,879
JS028,FALSE,MSP2_Dd2,1182
JS028,FALSE,gSG6,698.5
JS007,FALSE,Tetanus_toxoid,259
JS007,FALSE,AMA1,6618
JS007,FALSE,MSP119,17374
JS007,FALSE,GLURP,4417
JS007,FALSE,Gexp18,898.5
JS007,FALSE,Rh5,472
JS007,FALSE,SBP1,639.5
JS007,FALSE,ETRAMP5,3499
JS007,FALSE,EBA175,1116
JS007,FALSE,HSP40,309.5
JS007,FALSE,ETRAMP4,1759
JS007,FALSE,Rh4,619
JS007,FALSE,Rh2,414
JS007,FALSE,Hyp2,747
JS007,FALSE,MSP2_CH150,437
JS007,FALSE,PfSEA,447
JS007,FALSE,EBA140,487
JS007,FALSE,CSP,214
JS007,FALSE,MSP2_Dd2,392
JS007,FALSE,gSG6,339.5
JS039,FALSE,Tetanus_toxoid,290
JS039,FALSE,AMA1,1310
JS039,FALSE,MSP119,35831
JS039,FALSE,GLURP,12272.5
JS039,FALSE,Gexp18,814.5
JS039,FALSE,Rh5,960
JS039,FALSE,SBP1,765
JS039,FALSE,ETRAMP5,1435
JS039,FALSE,EBA175,242
JS039,FALSE,HSP40,3097
JS039,FALSE,ETRAMP4,480
JS039,FALSE,Rh4,708
JS039,FALSE,Rh2,563
JS039,FALSE,Hyp2,495.5
JS039,FALSE,MSP2_CH150,582.5
JS039,FALSE,PfSEA,1207
JS039,FALSE,EBA140,3216.5
JS039,FALSE,CSP,269.5
JS039,FALSE,MSP2_Dd2,547
JS039,FALSE,gSG6,365.5
JS041,FALSE,Tetanus_toxoid,3175
JS041,FALSE,AMA1,32552
JS041,FALSE,MSP119,37434
JS041,FALSE,GLURP,52784
JS041,FALSE,Gexp18,5444.5
JS041,FALSE,Rh5,2060
JS041,FALSE,SBP1,7064
JS041,FALSE,ETRAMP5,37321
JS041,FALSE,EBA175,6253
JS041,FALSE,HSP40,32020
JS041,FALSE,ETRAMP4,13410.5
JS041,FALSE,Rh4,4380
JS041,FALSE,Rh2,5468.5
JS041,FALSE,Hyp2,2145
JS041,FALSE,MSP2_CH150,3256
JS041,FALSE,PfSEA,1212
JS041,FALSE,EBA140,27470.5
JS041,FALSE,CSP,621
JS041,FALSE,MSP2_Dd2,6653.5
JS041,FALSE,gSG6,1878
JS073,FALSE,Tetanus_toxoid,1431.5
JS073,FALSE,AMA1,1119
JS073,FALSE,MSP119,16694
JS073,FALSE,GLURP,6369
JS073,FALSE,Gexp18,1162
JS073,FALSE,Rh5,1510.5
JS073,FALSE,SBP1,1781.5
JS073,FALSE,ETRAMP5,422.5
JS073,FALSE,EBA175,276
JS073,FALSE,HSP40,471
JS073,FALSE,ETRAMP4,447
JS073,FALSE,Rh4,558
JS073,FALSE,Rh2,731
JS073,FALSE,Hyp2,691
JS073,FALSE,MSP2_CH150,716.5
JS073,FALSE,PfSEA,2558
JS073,FALSE,EBA140,1337
JS073,FALSE,CSP,438
JS073,FALSE,MSP2_Dd2,626
JS073,FALSE,gSG6,533
JS072,FALSE,Tetanus_toxoid,291
JS072,FALSE,AMA1,5302
JS072,FALSE,MSP119,8368.5
JS072,FALSE,GLURP,1031
JS072,FALSE,Gexp18,11489
JS072,FALSE,Rh5,678
JS072,FALSE,SBP1,436
JS072,FALSE,ETRAMP5,3167.5
JS072,FALSE,EBA175,172
JS072,FALSE,HSP40,792
JS072,FALSE,ETRAMP4,6903
JS072,FALSE,Rh4,8748
JS072,FALSE,Rh2,945.5
JS072,FALSE,Hyp2,635
JS072,FALSE,MSP2_CH150,587
JS072,FALSE,PfSEA,727
JS072,FALSE,EBA140,1285
JS072,FALSE,CSP,383.5
JS072,FALSE,MSP2_Dd2,613.5
JS072,FALSE,gSG6,359.5
JS075,FALSE,Tetanus_toxoid,4463
JS075,FALSE,AMA1,6581
JS075,FALSE,MSP119,14164.5
JS075,FALSE,GLURP,775.5
JS075,FALSE,Gexp18,1304.5
JS075,FALSE,Rh5,2269
JS075,FALSE,SBP1,863.5
JS075,FALSE,ETRAMP5,742
JS075,FALSE,EBA175,452
JS075,FALSE,HSP40,995.5
JS075,FALSE,ETRAMP4,1329
JS075,FALSE,Rh4,1509
JS075,FALSE,Rh2,995
JS075,FALSE,Hyp2,932
JS075,FALSE,MSP2_CH150,1156
JS075,FALSE,PfSEA,351.5
JS075,FALSE,EBA140,1663
JS075,FALSE,CSP,267.5
JS075,FALSE,MSP2_Dd2,1149.5
JS075,FALSE,gSG6,921
JS074,FALSE,Tetanus_toxoid,688
JS074,FALSE,AMA1,2573.5
JS074,FALSE,MSP119,21121
JS074,FALSE,GLURP,6386
JS074,FALSE,Gexp18,971
JS074,FALSE,Rh5,634.5
JS074,FALSE,SBP1,652
JS074,FALSE,ETRAMP5,2644
JS074,FALSE,EBA175,557.5
JS074,FALSE,HSP40,999
JS074,FALSE,ETRAMP4,339
JS074,FALSE,Rh4,7233
JS074,FALSE,Rh2,687.5
JS074,FALSE,Hyp2,476
JS074,FALSE,MSP2_CH150,482
JS074,FALSE,PfSEA,998
JS074,FALSE,EBA140,663
JS074,FALSE,CSP,337
JS074,FALSE,MSP2_Dd2,524
JS074,FALSE,gSG6,364
JS071,FALSE,Tetanus_toxoid,103.5
JS071,FALSE,AMA1,4588
JS071,FALSE,MSP119,10468
JS071,FALSE,GLURP,1249.5
JS071,FALSE,Gexp18,2828.5
JS071,FALSE,Rh5,2306
JS071,FALSE,SBP1,758
JS071,FALSE,ETRAMP5,1213
JS071,FALSE,EBA175,130
JS071,FALSE,HSP40,1626
JS071,FALSE,ETRAMP4,2203
JS071,FALSE,Rh4,6635
JS071,FALSE,Rh2,375
JS071,FALSE,Hyp2,1166
JS071,FALSE,MSP2_CH150,693
JS071,FALSE,PfSEA,1109
JS071,FALSE,EBA140,763
JS071,FALSE,CSP,721
JS071,FALSE,MSP2_Dd2,672
JS071,FALSE,gSG6,250.5
JS006,FALSE,Tetanus_toxoid,395.5
JS006,FALSE,AMA1,706.5
JS006,FALSE,MSP119,10038
JS006,FALSE,GLURP,4640
JS006,FALSE,Gexp18,722
JS006,FALSE,Rh5,756
JS006,FALSE,SBP1,2390.5
JS006,FALSE,ETRAMP5,524.5
JS006,FALSE,EBA175,512
JS006,FALSE,HSP40,958
JS006,FALSE,ETRAMP4,458
JS006,FALSE,Rh4,816
JS006,FALSE,Rh2,627
JS006,FALSE,Hyp2,486
JS006,FALSE,MSP2_CH150,732
JS006,FALSE,PfSEA,715
JS006,FALSE,EBA140,1880
JS006,FALSE,CSP,235
JS006,FALSE,MSP2_Dd2,694
JS006,FALSE,gSG6,514
JS021,FALSE,Tetanus_toxoid,401
JS021,FALSE,AMA1,33508
JS021,FALSE,MSP119,35374
JS021,FALSE,GLURP,21531
JS021,FALSE,Gexp18,1542
JS021,FALSE,Rh5,966.5
JS021,FALSE,SBP1,2953
JS021,FALSE,ETRAMP5,3196
JS021,FALSE,EBA175,598
JS021,FALSE,HSP40,2204.5
JS021,FALSE,ETRAMP4,595
JS021,FALSE,Rh4,2655.5
JS021,FALSE,Rh2,632
JS021,FALSE,Hyp2,714
JS021,FALSE,MSP2_CH150,548
JS021,FALSE,PfSEA,641
JS021,FALSE,EBA140,4829
JS021,FALSE,CSP,448
JS021,FALSE,MSP2_Dd2,1136
JS021,FALSE,gSG6,416
JS020,FALSE,Tetanus_toxoid,2213
JS020,FALSE,AMA1,9859
JS020,FALSE,MSP119,34972.5
JS020,FALSE,GLURP,16159
JS020,FALSE,Gexp18,7484
JS020,FALSE,Rh5,610.5
JS020,FALSE,SBP1,1372
JS020,FALSE,ETRAMP5,4025
JS020,FALSE,EBA175,531
JS020,FALSE,HSP40,7755
JS020,FALSE,ETRAMP4,2469
JS020,FALSE,Rh4,1361
JS020,FALSE,Rh2,2140
JS020,FALSE,Hyp2,2246
JS020,FALSE,MSP2_CH150,638
JS020,FALSE,PfSEA,281
JS020,FALSE,EBA140,3186
JS020,FALSE,CSP,285
JS020,FALSE,MSP2_Dd2,645
JS020,FALSE,gSG6,459
JS017,FALSE,Tetanus_toxoid,3229
JS017,FALSE,AMA1,14092
JS017,FALSE,MSP119,27657
JS017,FALSE,GLURP,33843.5
JS017,FALSE,Gexp18,1146
JS017,FALSE,Rh5,1352
JS017,FALSE,SBP1,1917
JS017,FALSE,ETRAMP5,5028
JS017,FALSE,EBA175,617.5
JS017,FALSE,HSP40,2900
JS017,FALSE,ETRAMP4,759.5
JS017,FALSE,Rh4,5588
JS017,FALSE,Rh2,4849
JS017,FALSE,Hyp2,663
JS017,FALSE,MSP2_CH150,693
JS017,FALSE,PfSEA,1249
JS017,FALSE,EBA140,8560
JS017,FALSE,CSP,336
JS017,FALSE,MSP2_Dd2,695
JS017,FALSE,gSG6,502
JS019,FALSE,Tetanus_toxoid,602
JS019,FALSE,AMA1,8289
JS019,FALSE,MSP119,32550
JS019,FALSE,GLURP,25145
JS019,FALSE,Gexp18,9731
JS019,FALSE,Rh5,1642
JS019,FALSE,SBP1,1257
JS019,FALSE,ETRAMP5,2946
JS019,FALSE,EBA175,1337
JS019,FALSE,HSP40,7803.5
JS019,FALSE,ETRAMP4,709
JS019,FALSE,Rh4,3204
JS019,FALSE,Rh2,1165
JS019,FALSE,Hyp2,1946.5
JS019,FALSE,MSP2_CH150,906
JS019,FALSE,PfSEA,5041
JS019,FALSE,EBA140,3865
JS019,FALSE,CSP,469.5
JS019,FALSE,MSP2_Dd2,2732
JS019,FALSE,gSG6,617
JS016,FALSE,Tetanus_toxoid,1020
JS016,FALSE,AMA1,2673
JS016,FALSE,MSP119,20819
JS016,FALSE,GLURP,14465
JS016,FALSE,Gexp18,739
JS016,FALSE,Rh5,907
JS016,FALSE,SBP1,1294
JS016,FALSE,ETRAMP5,803
JS016,FALSE,EBA175,309.5
JS016,FALSE,HSP40,1060
JS016,FALSE,ETRAMP4,954
JS016,FALSE,Rh4,1108
JS016,FALSE,Rh2,452.5
JS016,FALSE,Hyp2,467
JS016,FALSE,MSP2_CH150,873.5
JS016,FALSE,PfSEA,2465
JS016,FALSE,EBA140,792
JS016,FALSE,CSP,360
JS016,FALSE,MSP2_Dd2,500
JS016,FALSE,gSG6,410
JS062,FALSE,Tetanus_toxoid,516.5
JS062,FALSE,AMA1,36086
JS062,FALSE,MSP119,37894
JS062,FALSE,GLURP,45727.5
JS062,FALSE,Gexp18,2672
JS062,FALSE,Rh5,6029
JS062,FALSE,SBP1,26473
JS062,FALSE,ETRAMP5,40102
JS062,FALSE,EBA175,9460.5
JS062,FALSE,HSP40,8428.5
JS062,FALSE,ETRAMP4,9532.5
JS062,FALSE,Rh4,9123.5
JS062,FALSE,Rh2,21903
JS062,FALSE,Hyp2,10964
JS062,FALSE,MSP2_CH150,3004.5
JS062,FALSE,PfSEA,7738.5
JS062,FALSE,EBA140,29936
JS062,FALSE,CSP,1578
JS062,FALSE,MSP2_Dd2,1552
JS062,FALSE,gSG6,1035
JS010,FALSE,Tetanus_toxoid,158
JS010,FALSE,AMA1,33388
JS010,FALSE,MSP119,41115
JS010,FALSE,GLURP,6039
JS010,FALSE,Gexp18,8930
JS010,FALSE,Rh5,4664
JS010,FALSE,SBP1,3926
JS010,FALSE,ETRAMP5,43499
JS010,FALSE,EBA175,5837
JS010,FALSE,HSP40,4082
JS010,FALSE,ETRAMP4,2857
JS010,FALSE,Rh4,7302
JS010,FALSE,Rh2,11309
JS010,FALSE,Hyp2,2214
JS010,FALSE,MSP2_CH150,1387.5
JS010,FALSE,PfSEA,5874
JS010,FALSE,EBA140,8285
JS010,FALSE,CSP,402.5
JS010,FALSE,MSP2_Dd2,2758
JS010,FALSE,gSG6,759
JS008,FALSE,Tetanus_toxoid,589
JS008,FALSE,AMA1,3804
JS008,FALSE,MSP119,19709.5
JS008,FALSE,GLURP,2448.5
JS008,FALSE,Gexp18,1098
JS008,FALSE,Rh5,3239
JS008,FALSE,SBP1,3120
JS008,FALSE,ETRAMP5,10418
JS008,FALSE,EBA175,3181.5
JS008,FALSE,HSP40,608
JS008,FALSE,ETRAMP4,614
JS008,FALSE,Rh4,6022
JS008,FALSE,Rh2,4893.5
JS008,FALSE,Hyp2,966
JS008,FALSE,MSP2_CH150,764
JS008,FALSE,PfSEA,2130
JS008,FALSE,EBA140,6100
JS008,FALSE,CSP,4931
JS008,FALSE,MSP2_Dd2,1462
JS008,FALSE,gSG6,255
JS009,FALSE,Tetanus_toxoid,213.5
JS009,FALSE,AMA1,2388.5
JS009,FALSE,MSP119,8803
JS009,FALSE,GLURP,11498
JS009,FALSE,Gexp18,1500.5
JS009,FALSE,Rh5,1703
JS009,FALSE,SBP1,1552
JS009,FALSE,ETRAMP5,2626
JS009,FALSE,EBA175,395
JS009,FALSE,HSP40,599
JS009,FALSE,ETRAMP4,487
JS009,FALSE,Rh4,3664
JS009,FALSE,Rh2,2714
JS009,FALSE,Hyp2,810
JS009,FALSE,MSP2_CH150,631
JS009,FALSE,PfSEA,640
JS009,FALSE,EBA140,2600
JS009,FALSE,CSP,401
JS009,FALSE,MSP2_Dd2,1461
JS009,FALSE,gSG6,453
JS011,FALSE,Tetanus_toxoid,426
JS011,FALSE,AMA1,21528
JS011,FALSE,MSP119,26319
JS011,FALSE,GLURP,31189.5
JS011,FALSE,Gexp18,1367
JS011,FALSE,Rh5,828
JS011,FALSE,SBP1,558
JS011,FALSE,ETRAMP5,2422
JS011,FALSE,EBA175,1384
JS011,FALSE,HSP40,582
JS011,FALSE,ETRAMP4,701
JS011,FALSE,Rh4,882
JS011,FALSE,Rh2,4122
JS011,FALSE,Hyp2,573
JS011,FALSE,MSP2_CH150,745.5
JS011,FALSE,PfSEA,461
JS011,FALSE,EBA140,1080
JS011,FALSE,CSP,633
JS011,FALSE,MSP2_Dd2,754
JS011,FALSE,gSG6,592.5
JS004,FALSE,Tetanus_toxoid,14878
JS004,FALSE,AMA1,12687
JS004,FALSE,MSP119,14667.5
JS004,FALSE,GLURP,22607.5
JS004,FALSE,Gexp18,1068
JS004,FALSE,Rh5,924
JS004,FALSE,SBP1,2104.5
JS004,FALSE,ETRAMP5,2327.5
JS004,FALSE,EBA175,754.5
JS004,FALSE,HSP40,692.5
JS004,FALSE,ETRAMP4,1622
JS004,FALSE,Rh4,931
JS004,FALSE,Rh2,858
JS004,FALSE,Hyp2,873
JS004,FALSE,MSP2_CH150,5316
JS004,FALSE,PfSEA,673
JS004,FALSE,EBA140,1035
JS004,FALSE,CSP,824.5
JS004,FALSE,MSP2_Dd2,3499
JS004,FALSE,gSG6,888
JS090,FALSE,Tetanus_toxoid,12384
JS090,FALSE,AMA1,2071
JS090,FALSE,MSP119,8003
JS090,FALSE,GLURP,5230
JS090,FALSE,Gexp18,1084
JS090,FALSE,Rh5,1170
JS090,FALSE,SBP1,7444
JS090,FALSE,ETRAMP5,2301.5
JS090,FALSE,EBA175,348
JS090,FALSE,HSP40,831.5
JS090,FALSE,ETRAMP4,926
JS090,FALSE,Rh4,2180
JS090,FALSE,Rh2,772
JS090,FALSE,Hyp2,784
JS090,FALSE,MSP2_CH150,1214
JS090,FALSE,PfSEA,308
JS090,FALSE,EBA140,1301
JS090,FALSE,CSP,314
JS090,FALSE,MSP2_Dd2,1163
JS090,FALSE,gSG6,1031
JS093,FALSE,Tetanus_toxoid,204
JS093,FALSE,AMA1,1489
JS093,FALSE,MSP119,14460.5
JS093,FALSE,GLURP,9257.5
JS093,FALSE,Gexp18,906.5
JS093,FALSE,Rh5,1062
JS093,FALSE,SBP1,574.5
JS093,FALSE,ETRAMP5,483
JS093,FALSE,EBA175,186
JS093,FALSE,HSP40,429
JS093,FALSE,ETRAMP4,1033
JS093,FALSE,Rh4,482
JS093,FALSE,Rh2,720
JS093,FALSE,Hyp2,551
JS093,FALSE,MSP2_CH150,654
JS093,FALSE,PfSEA,430
JS093,FALSE,EBA140,1413
JS093,FALSE,CSP,210
JS093,FALSE,MSP2_Dd2,727
JS093,FALSE,gSG6,421
JS091,FALSE,Tetanus_toxoid,474.5
JS091,FALSE,AMA1,446
JS091,FALSE,MSP119,7587.5
JS091,FALSE,GLURP,921
JS091,FALSE,Gexp18,871
JS091,FALSE,Rh5,731.5
JS091,FALSE,SBP1,523
JS091,FALSE,ETRAMP5,1239
JS091,FALSE,EBA175,419
JS091,FALSE,HSP40,1571.5
JS091,FALSE,ETRAMP4,653
JS091,FALSE,Rh4,630.5
JS091,FALSE,Rh2,1523.5
JS091,FALSE,Hyp2,663
JS091,FALSE,MSP2_CH150,768.5
JS091,FALSE,PfSEA,1000
JS091,FALSE,EBA140,1190
JS091,FALSE,CSP,897
JS091,FALSE,MSP2_Dd2,711
JS091,FALSE,gSG6,509
JS100,FALSE,Tetanus_toxoid,536
JS100,FALSE,AMA1,19916
JS100,FALSE,MSP119,40695
JS100,FALSE,GLURP,10891
JS100,FALSE,Gexp18,1455
JS100,FALSE,Rh5,831
JS100,FALSE,SBP1,1419
JS100,FALSE,ETRAMP5,9383.5
JS100,FALSE,EBA175,340.5
JS100,FALSE,HSP40,1165.5
JS100,FALSE,ETRAMP4,723
JS100,FALSE,Rh4,4992
JS100,FALSE,Rh2,1048
JS100,FALSE,Hyp2,1071
JS100,FALSE,MSP2_CH150,1310.5
JS100,FALSE,PfSEA,3124
JS100,FALSE,EBA140,1907.5
JS100,FALSE,CSP,374
JS100,FALSE,MSP2_Dd2,1532
JS100,FALSE,gSG6,880
JS101,FALSE,Tetanus_toxoid,222.5
JS101,FALSE,AMA1,563
JS101,FALSE,MSP119,18928
JS101,FALSE,GLURP,872
JS101,FALSE,Gexp18,951
JS101,FALSE,Rh5,470
JS101,FALSE,SBP1,746
JS101,FALSE,ETRAMP5,1429.5
JS101,FALSE,EBA175,317
JS101,FALSE,HSP40,1538.5
JS101,FALSE,ETRAMP4,1936
JS101,FALSE,Rh4,2343
JS101,FALSE,Rh2,1096
JS101,FALSE,Hyp2,784.5
JS101,FALSE,MSP2_CH150,665
JS101,FALSE,PfSEA,2110
JS101,FALSE,EBA140,8934
JS101,FALSE,CSP,244
JS101,FALSE,MSP2_Dd2,633
JS101,FALSE,gSG6,316
JS099,FALSE,Tetanus_toxoid,280
JS099,FALSE,AMA1,1138
JS099,FALSE,MSP119,25553.5
JS099,FALSE,GLURP,746
JS099,FALSE,Gexp18,667
JS099,FALSE,Rh5,411
JS099,FALSE,SBP1,2352
JS099,FALSE,ETRAMP5,331
JS099,FALSE,EBA175,280.5
JS099,FALSE,HSP40,1269
JS099,FALSE,ETRAMP4,544
JS099,FALSE,Rh4,1028
JS099,FALSE,Rh2,544
JS099,FALSE,Hyp2,581
JS099,FALSE,MSP2_CH150,456.5
JS099,FALSE,PfSEA,2261
JS099,FALSE,EBA140,347.5
JS099,FALSE,CSP,325.5
JS099,FALSE,MSP2_Dd2,460
JS099,FALSE,gSG6,343
JS013,FALSE,Tetanus_toxoid,336
JS013,FALSE,AMA1,576
JS013,FALSE,MSP119,2701.5
JS013,FALSE,GLURP,264
JS013,FALSE,Gexp18,472
JS013,FALSE,Rh5,890
JS013,FALSE,SBP1,293
JS013,FALSE,ETRAMP5,221
JS013,FALSE,EBA175,120.5
JS013,FALSE,HSP40,205.5
JS013,FALSE,ETRAMP4,314
JS013,FALSE,Rh4,4615
JS013,FALSE,Rh2,198
JS013,FALSE,Hyp2,207.5
JS013,FALSE,MSP2_CH150,838
JS013,FALSE,PfSEA,1675.5
JS013,FALSE,EBA140,302
JS013,FALSE,CSP,189.5
JS013,FALSE,MSP2_Dd2,260
JS013,FALSE,gSG6,194.5
JS012,FALSE,Tetanus_toxoid,30635
JS012,FALSE,AMA1,40655.5
JS012,FALSE,MSP119,24928
JS012,FALSE,GLURP,44178.5
JS012,FALSE,Gexp18,9668
JS012,FALSE,Rh5,2600
JS012,FALSE,SBP1,1364
JS012,FALSE,ETRAMP5,16305
JS012,FALSE,EBA175,2702
JS012,FALSE,HSP40,1010
JS012,FALSE,ETRAMP4,14832.5
JS012,FALSE,Rh4,6206
JS012,FALSE,Rh2,1998
JS012,FALSE,Hyp2,1467.5
JS012,FALSE,MSP2_CH150,2762
JS012,FALSE,PfSEA,4883
JS012,FALSE,EBA140,3624.5
JS012,FALSE,CSP,445
JS012,FALSE,MSP2_Dd2,5928
JS012,FALSE,gSG6,424
JS102,FALSE,Tetanus_toxoid,2671
JS102,FALSE,AMA1,611
JS102,FALSE,MSP119,5242
JS102,FALSE,GLURP,1809
JS102,FALSE,Gexp18,1450
JS102,FALSE,Rh5,994
JS102,FALSE,SBP1,976
JS102,FALSE,ETRAMP5,4569
JS102,FALSE,EBA175,1027
JS102,FALSE,HSP40,940
JS102,FALSE,ETRAMP4,1940
JS102,FALSE,Rh4,2144.5
JS102,FALSE,Rh2,1057
JS102,FALSE,Hyp2,935
JS102,FALSE,MSP2_CH150,1083.5
JS102,FALSE,PfSEA,922.5
JS102,FALSE,EBA140,1762.5
JS102,FALSE,CSP,391
JS102,FALSE,MSP2_Dd2,964
JS102,FALSE,gSG6,775.5
JS095,FALSE,Tetanus_toxoid,630
JS095,FALSE,AMA1,2367.5
JS095,FALSE,MSP119,6885
JS095,FALSE,GLURP,1968.5
JS095,FALSE,Gexp18,1462
JS095,FALSE,Rh5,1659
JS095,FALSE,SBP1,1059
JS095,FALSE,ETRAMP5,732.5
JS095,FALSE,EBA175,541.5
JS095,FALSE,HSP40,703.5
JS095,FALSE,ETRAMP4,724
JS095,FALSE,Rh4,7463.5
JS095,FALSE,Rh2,1164
JS095,FALSE,Hyp2,850
JS095,FALSE,MSP2_CH150,1366
JS095,FALSE,PfSEA,309
JS095,FALSE,EBA140,2748
JS095,FALSE,CSP,334
JS095,FALSE,MSP2_Dd2,1226
JS095,FALSE,gSG6,876
JS096,FALSE,Tetanus_toxoid,1908
JS096,FALSE,AMA1,6726
JS096,FALSE,MSP119,15827
JS096,FALSE,GLURP,819.5
JS096,FALSE,Gexp18,2740
JS096,FALSE,Rh5,656
JS096,FALSE,SBP1,495
JS096,FALSE,ETRAMP5,613
JS096,FALSE,EBA175,545
JS096,FALSE,HSP40,502
JS096,FALSE,ETRAMP4,559.5
JS096,FALSE,Rh4,1317
JS096,FALSE,Rh2,1977
JS096,FALSE,Hyp2,487.5
JS096,FALSE,MSP2_CH150,724
JS096,FALSE,PfSEA,1256.5
JS096,FALSE,EBA140,1479.5
JS096,FALSE,CSP,239
JS096,FALSE,MSP2_Dd2,578
JS096,FALSE,gSG6,479
JS089,FALSE,Tetanus_toxoid,366
JS089,FALSE,AMA1,14694.5
JS089,FALSE,MSP119,35826
JS089,FALSE,GLURP,41232
JS089,FALSE,Gexp18,1819
JS089,FALSE,Rh5,23867
JS089,FALSE,SBP1,16259
JS089,FALSE,ETRAMP5,28885
JS089,FALSE,EBA175,31884
JS089,FALSE,HSP40,955
JS089,FALSE,ETRAMP4,2395
JS089,FALSE,Rh4,39360
JS089,FALSE,Rh2,3476.5
JS089,FALSE,Hyp2,1906.5
JS089,FALSE,MSP2_CH150,961
JS089,FALSE,PfSEA,17562.5
JS089,FALSE,EBA140,2596
JS089,FALSE,CSP,2271
JS089,FALSE,MSP2_Dd2,816
JS089,FALSE,gSG6,664.5
JS098,FALSE,Tetanus_toxoid,211
JS098,FALSE,AMA1,3500
JS098,FALSE,MSP119,7302
JS098,FALSE,GLURP,6130
JS098,FALSE,Gexp18,1521.5
JS098,FALSE,Rh5,846
JS098,FALSE,SBP1,1809
JS098,FALSE,ETRAMP5,2020
JS098,FALSE,EBA175,421
JS098,FALSE,HSP40,644
JS098,FALSE,ETRAMP4,797
JS098,FALSE,Rh4,1970
JS098,FALSE,Rh2,815
JS098,FALSE,Hyp2,1063
JS098,FALSE,MSP2_CH150,1207
JS098,FALSE,PfSEA,473
JS098,FALSE,EBA140,2643
JS098,FALSE,CSP,382.5
JS098,FALSE,MSP2_Dd2,1079
JS098,FALSE,gSG6,1000
JS094,FALSE,Tetanus_toxoid,628
JS094,FALSE,AMA1,4520
JS094,FALSE,MSP119,30890
JS094,FALSE,GLURP,1668
JS094,FALSE,Gexp18,1235
JS094,FALSE,Rh5,752
JS094,FALSE,SBP1,1129
JS094,FALSE,ETRAMP5,674
JS094,FALSE,EBA175,201
JS094,FALSE,HSP40,1372
JS094,FALSE,ETRAMP4,1231
JS094,FALSE,Rh4,1933.5
JS094,FALSE,Rh2,1720
JS094,FALSE,Hyp2,829.5
JS094,FALSE,MSP2_CH150,639
JS094,FALSE,PfSEA,981
JS094,FALSE,EBA140,871.5
JS094,FALSE,CSP,362
JS094,FALSE,MSP2_Dd2,674
JS094,FALSE,gSG6,359
JS097,FALSE,Tetanus_toxoid,2664.5
JS097,FALSE,AMA1,34422
JS097,FALSE,MSP119,34750
JS097,FALSE,GLURP,15894
JS097,FALSE,Gexp18,1611
JS097,FALSE,Rh5,5665
JS097,FALSE,SBP1,824
JS097,FALSE,ETRAMP5,932.5
JS097,FALSE,EBA175,1952
JS097,FALSE,HSP40,1812
JS097,FALSE,ETRAMP4,932.5
JS097,FALSE,Rh4,11230
JS097,FALSE,Rh2,7125
JS097,FALSE,Hyp2,928
JS097,FALSE,MSP2_CH150,1115.5
JS097,FALSE,PfSEA,5220
JS097,FALSE,EBA140,10432
JS097,FALSE,CSP,439.5
JS097,FALSE,MSP2_Dd2,1235
JS097,FALSE,gSG6,807
JS014,FALSE,Tetanus_toxoid,191
JS014,FALSE,AMA1,2878.5
JS014,FALSE,MSP119,38873.5
JS014,FALSE,GLURP,10113.5
JS014,FALSE,Gexp18,1494
JS014,FALSE,Rh5,1286.5
JS014,FALSE,SBP1,998
JS014,FALSE,ETRAMP5,20255.5
JS014,FALSE,EBA175,514
JS014,FALSE,HSP40,1453.5
JS014,FALSE,ETRAMP4,2515
JS014,FALSE,Rh4,1196
JS014,FALSE,Rh2,1268
JS014,FALSE,Hyp2,1235
JS014,FALSE,MSP2_CH150,2845
JS014,FALSE,PfSEA,291
JS014,FALSE,EBA140,1686.5
JS014,FALSE,CSP,265
JS014,FALSE,MSP2_Dd2,3259
JS014,FALSE,gSG6,1764
JS092,FALSE,Tetanus_toxoid,343
JS092,FALSE,AMA1,392
JS092,FALSE,MSP119,7186.5
JS092,FALSE,GLURP,6269
JS092,FALSE,Gexp18,2149.5
JS092,FALSE,Rh5,1276
JS092,FALSE,SBP1,1288
JS092,FALSE,ETRAMP5,3947
JS092,FALSE,EBA175,193
JS092,FALSE,HSP40,1063
JS092,FALSE,ETRAMP4,8080
JS092,FALSE,Rh4,14735.5
JS092,FALSE,Rh2,631
JS092,FALSE,Hyp2,666
JS092,FALSE,MSP2_CH150,517
JS092,FALSE,PfSEA,7251
JS092,FALSE,EBA140,734.5
JS092,FALSE,CSP,497
JS092,FALSE,MSP2_Dd2,600
JS092,FALSE,gSG6,319
JS002,FALSE,Tetanus_toxoid,240
JS002,FALSE,AMA1,22095
JS002,FALSE,MSP119,13184
JS002,FALSE,GLURP,9177.5
JS002,FALSE,Gexp18,1002
JS002,FALSE,Rh5,575
JS002,FALSE,SBP1,419
JS002,FALSE,ETRAMP5,817
JS002,FALSE,EBA175,1447
JS002,FALSE,HSP40,971
JS002,FALSE,ETRAMP4,839.5
JS002,FALSE,Rh4,9262.5
JS002,FALSE,Rh2,1180.5
JS002,FALSE,Hyp2,622.5
JS002,FALSE,MSP2_CH150,639
JS002,FALSE,PfSEA,1272
JS002,FALSE,EBA140,4477
JS002,FALSE,CSP,460.5
JS002,FALSE,MSP2_Dd2,620
JS002,FALSE,gSG6,406
JS001,FALSE,Tetanus_toxoid,539
JS001,FALSE,AMA1,178
JS001,FALSE,MSP119,334.5
JS001,FALSE,GLURP,218.5
JS001,FALSE,Gexp18,207.5
JS001,FALSE,Rh5,408
JS001,FALSE,SBP1,197
JS001,FALSE,ETRAMP5,146
JS001,FALSE,EBA175,102.5
JS001,FALSE,HSP40,195.5
JS001,FALSE,ETRAMP4,186
JS001,FALSE,Rh4,217
JS001,FALSE,Rh2,185
JS001,FALSE,Hyp2,187
JS001,FALSE,MSP2_CH150,305
JS001,FALSE,PfSEA,182
JS001,FALSE,EBA140,376.5
JS001,FALSE,CSP,137.5
JS001,FALSE,MSP2_Dd2,310
JS001,FALSE,gSG6,227
PHE NEG A11,TRUE,Tetanus_toxoid,14744
PHE NEG A11,TRUE,AMA1,667
PHE NEG A11,TRUE,MSP119,722
PHE NEG A11,TRUE,GLURP,672
PHE NEG A11,TRUE,Gexp18,653
PHE NEG A11,TRUE,Rh5,626
PHE NEG A11,TRUE,SBP1,584.5
PHE NEG A11,TRUE,ETRAMP5,542
PHE NEG A11,TRUE,EBA175,278
PHE NEG A11,TRUE,HSP40,529
PHE NEG A11,TRUE,ETRAMP4,556.5
PHE NEG A11,TRUE,Rh4,481
PHE NEG A11,TRUE,Rh2,566
PHE NEG A11,TRUE,Hyp2,596
PHE NEG A11,TRUE,MSP2_CH150,956
PHE NEG A11,TRUE,PfSEA,312.5
PHE NEG A11,TRUE,EBA140,669.5
PHE NEG A11,TRUE,CSP,138.5
PHE NEG A11,TRUE,MSP2_Dd2,859
PHE NEG A11,TRUE,gSG6,753
PHE NEG B11,TRUE,Tetanus_toxoid,18151.5
PHE NEG B11,TRUE,AMA1,687
PHE NEG B11,TRUE,MSP119,833
PHE NEG B11,TRUE,GLURP,783
PHE NEG B11,TRUE,Gexp18,747
PHE NEG B11,TRUE,Rh5,2052
PHE NEG B11,TRUE,SBP1,579.5
PHE NEG B11,TRUE,ETRAMP5,620
PHE NEG B11,TRUE,EBA175,256
PHE NEG B11,TRUE,HSP40,642
PHE NEG B11,TRUE,ETRAMP4,651
PHE NEG B11,TRUE,Rh4,759
PHE NEG B11,TRUE,Rh2,684
PHE NEG B11,TRUE,Hyp2,681
PHE NEG B11,TRUE,MSP2_CH150,1137.5
PHE NEG B11,TRUE,PfSEA,223
PHE NEG B11,TRUE,EBA140,823.5
PHE NEG B11,TRUE,CSP,174
PHE NEG B11,TRUE,MSP2_Dd2,1033.5
PHE NEG B11,TRUE,gSG6,827
PHE NEG C11,TRUE,Tetanus_toxoid,11740
PHE NEG C11,TRUE,AMA1,431.5
PHE NEG C11,TRUE,MSP119,778
PHE NEG C11,TRUE,GLURP,534
PHE NEG C11,TRUE,Gexp18,789.5
PHE NEG C11,TRUE,Rh5,510
PHE NEG C11,TRUE,SBP1,490
PHE NEG C11,TRUE,ETRAMP5,761
PHE NEG C11,TRUE,EBA175,202.5
PHE NEG C11,TRUE,HSP40,581
PHE NEG C11,TRUE,ETRAMP4,589.5
PHE NEG C11,TRUE,Rh4,646
PHE NEG C11,TRUE,Rh2,733
PHE NEG C11,TRUE,Hyp2,594
PHE NEG C11,TRUE,MSP2_CH150,831
PHE NEG C11,TRUE,PfSEA,283
PHE NEG C11,TRUE,EBA140,1029
PHE NEG C11,TRUE,CSP,312
PHE NEG C11,TRUE,MSP2_Dd2,807
PHE NEG C11,TRUE,gSG6,653
PHE NEG D11,TRUE,Tetanus_toxoid,26982
PHE NEG D11,TRUE,AMA1,102
PHE NEG D11,TRUE,MSP119,188
PHE NEG D11,TRUE,GLURP,292
PHE NEG D11,TRUE,Gexp18,235
PHE NEG D11,TRUE,Rh5,187
PHE NEG D11,TRUE,SBP1,122.5
PHE NEG D11,TRUE,ETRAMP5,138
PHE NEG D11,TRUE,EBA175,66
PHE NEG D11,TRUE,HSP40,166.5
PHE NEG D11,TRUE,ETRAMP4,162
PHE NEG D11,TRUE,Rh4,157
PHE NEG D11,TRUE,Rh2,142
PHE NEG D11,TRUE,Hyp2,153
PHE NEG D11,TRUE,MSP2_CH150,193
PHE NEG D11,TRUE,PfSEA,2690
PHE NEG D11,TRUE,EBA140,158
PHE NEG D11,TRUE,CSP,165.5
PHE NEG D11,TRUE,MSP2_Dd2,199
PHE NEG D11,TRUE,gSG6,144
PHE NEG E11,TRUE,Tetanus_toxoid,28996.5
PHE NEG E11,TRUE,AMA1,400.5
PHE NEG E11,TRUE,MSP119,790.5
PHE NEG E11,TRUE,GLURP,402
PHE NEG E11,TRUE,Gexp18,821
PHE NEG E11,TRUE,Rh5,564
PHE NEG E11,TRUE,SBP1,589
PHE NEG E11,TRUE,ETRAMP5,488
PHE NEG E11,TRUE,EBA175,198
PHE NEG E11,TRUE,HSP40,764
PHE NEG E11,TRUE,ETRAMP4,550
PHE NEG E11,TRUE,Rh4,638
PHE NEG E11,TRUE,Rh2,697
PHE NEG E11,TRUE,Hyp2,643
PHE NEG E11,TRUE,MSP2_CH150,622
PHE NEG E11,TRUE,PfSEA,258.5
PHE NEG E11,TRUE,EBA140,615.5
PHE NEG E11,TRUE,CSP,227.5
PHE NEG E11,TRUE,MSP2_Dd2,648
PHE NEG E11,TRUE,gSG6,448
PHE NEG A12,TRUE,Tetanus_toxoid,29776
PHE NEG A12,TRUE,AMA1,569.5
PHE NEG A12,TRUE,MSP119,937.5
PHE NEG A12,TRUE,GLURP,1021
PHE NEG A12,TRUE,Gexp18,992
PHE NEG A12,TRUE,Rh5,848
PHE NEG A12,TRUE,SBP1,1562
PHE NEG A12,TRUE,ETRAMP5,719.5
PHE NEG A12,TRUE,EBA175,260
PHE NEG A12,TRUE,HSP40,794
PHE NEG A12,TRUE,ETRAMP4,712
PHE NEG A12,TRUE,Rh4,1022
PHE NEG A12,TRUE,Rh2,809
PHE NEG A12,TRUE,Hyp2,784
PHE NEG A12,TRUE,MSP2_CH150,1079
PHE NEG A12,TRUE,PfSEA,203
PHE NEG A12,TRUE,EBA140,2357
PHE NEG A12,TRUE,CSP,334
PHE NEG A12,TRUE,MSP2_Dd2,1017.5
PHE NEG A12,TRUE,gSG6,806.5
PHE NEG B12,TRUE,Tetanus_toxoid,21830
PHE NEG B12,TRUE,AMA1,1085.5
PHE NEG B12,TRUE,MSP119,1484
PHE NEG B12,TRUE,GLURP,1499
PHE NEG B12,TRUE,Gexp18,1411
PHE NEG B12,TRUE,Rh5,1217
PHE NEG B12,TRUE,SBP1,1060
PHE NEG B12,TRUE,ETRAMP5,1116
PHE NEG B12,TRUE,EBA175,442.5
PHE NEG B12,TRUE,HSP40,1298
PHE NEG B12,TRUE,ETRAMP4,1134
PHE NEG B12,TRUE,Rh4,1264
PHE NEG B12,TRUE,Rh2,1299.5
PHE NEG B12,TRUE,Hyp2,1231
PHE NEG B12,TRUE,MSP2_CH150,2060
PHE NEG B12,TRUE,PfSEA,257
PHE NEG B12,TRUE,EBA140,1964.5
PHE NEG B12,TRUE,CSP,359
PHE NEG B12,TRUE,MSP2_Dd2,1805
PHE NEG B12,TRUE,gSG6,1528.5
PHE NEG C12,TRUE,Tetanus_toxoid,29149
PHE NEG C12,TRUE,AMA1,760
PHE NEG C12,TRUE,MSP119,1678
PHE NEG C12,TRUE,GLURP,778
PHE NEG C12,TRUE,Gexp18,1973
PHE NEG C12,TRUE,Rh5,895
PHE NEG C12,TRUE,SBP1,988
PHE NEG C12,TRUE,ETRAMP5,1065.5
PHE NEG C12,TRUE,EBA175,341.5
PHE NEG C12,TRUE,HSP40,1693
PHE NEG C12,TRUE,ETRAMP4,1274.5
PHE NEG C12,TRUE,Rh4,1455
PHE NEG C12,TRUE,Rh2,1506
PHE NEG C12,TRUE,Hyp2,1317
PHE NEG C12,TRUE,MSP2_CH150,1468
PHE NEG C12,TRUE,PfSEA,480
PHE NEG C12,TRUE,EBA140,1047
PHE NEG C12,TRUE,CSP,403
PHE NEG C12,TRUE,MSP2_Dd2,1416
PHE NEG C12,TRUE,gSG6,943.5
PHE NEG D12,TRUE,Tetanus_toxoid,11294
PHE NEG D12,TRUE,AMA1,244.5
PHE NEG D12,TRUE,MSP119,486
PHE NEG D12,TRUE,GLURP,273
PHE NEG D12,TRUE,Gexp18,562
PHE NEG D12,TRUE,Rh5,327.5
PHE NEG D12,TRUE,SBP1,300
PHE NEG D12,TRUE,ETRAMP5,390
PHE NEG D12,TRUE,EBA175,171.5
PHE NEG D12,TRUE,HSP40,417
PHE NEG D12,TRUE,ETRAMP4,398.5
PHE NEG D12,TRUE,Rh4,2670
PHE NEG D12,TRUE,Rh2,488.5
PHE NEG D12,TRUE,Hyp2,378
PHE NEG D12,TRUE,MSP2_CH150,449
PHE NEG D12,TRUE,PfSEA,198
PHE NEG D12,TRUE,EBA140,345.5
PHE NEG D12,TRUE,CSP,275
PHE NEG D12,TRUE,MSP2_Dd2,411
PHE NEG D12,TRUE,gSG6,304
PHE NEG E12,TRUE,Tetanus_toxoid,20909
PHE NEG E12,TRUE,AMA1,406.5
PHE NEG E12,TRUE,MSP119,587
PHE NEG E12,TRUE,GLURP,457
PHE NEG E12,TRUE,Gexp18,635
PHE NEG E12,TRUE,Rh5,534
PHE NEG E12,TRUE,SBP1,428
PHE NEG E12,TRUE,ETRAMP5,486
PHE NEG E12,TRUE,EBA175,303.5
PHE NEG E12,TRUE,HSP40,409
PHE NEG E12,TRUE,ETRAMP4,483
PHE NEG E12,TRUE,Rh4,490
PHE NEG E12,TRUE,Rh2,526
PHE NEG E12,TRUE,Hyp2,557.5
PHE NEG E12,TRUE,MSP2_CH150,762
PHE NEG E12,TRUE,PfSEA,507
PHE NEG E12,TRUE,EBA140,1105
PHE NEG E12,TRUE,CSP,299
PHE NEG E12,TRUE,MSP2_Dd2,690
PHE NEG E12,TRUE,gSG6,688
